filename,class,split
train/acetaminophen/acetaminophen_9a32bc6d-0499-48fa-a6ad-702c8a28bf5f_0032.jpg,acetaminophen,train
train/acetaminophen/acetaminophen_5efd6c61-74ed-4253-896a-e4a40bd8f25b_0013.jpg,acetaminophen,train
train/acetaminophen/acetaminophen_e19b561c-fb76-4355-a306-d3dc46930bf2_0040.jpg,acetaminophen,train
train/acetaminophen/acetaminophen_05fda811-d65f-41b2-89e4-297cdddb3d99_0067.jpg,acetaminophen,train
train/acetaminophen/acetaminophen_d0dd4a75-da65-4c66-b65f-54ee14100846_0098.jpg,acetaminophen,train
train/acetaminophen/acetaminophen_f7958347-4e9c-4698-8749-7ca7023ee2ba_0046.jpg,acetaminophen,train
train/acetaminophen/acetaminophen_5278a128-41ec-4494-e054-00144ff8d46c_0086.jpg,acetaminophen,train
train/acetaminophen/acetaminophen_6cb1d08b-e544-4084-b9ed-1e0d99a709c8_0058.jpg,acetaminophen,train
train/acetaminophen/acetaminophen_157fd0d2-aa54-406c-bcdb-dad531de3ce7_0107.jpg,acetaminophen,train
train/acetaminophen/acetaminophen_729132cd-f209-447a-8949-a90b5a5c01da_0092.jpg,acetaminophen,train
train/acetaminophen/acetaminophen_853012b8-d3b7-78d3-e053-2a91aa0ab0f2_0095.jpg,acetaminophen,train
train/acetaminophen/acetaminophen_36ad34f4-4e66-f371-e063-6394a90ae76a_0012.jpg,acetaminophen,train
train/acetaminophen/acetaminophen_333e170e-52cd-4218-8d15-0bf3c5c75cb9_0052.jpg,acetaminophen,train
train/acetaminophen/acetaminophen_0f0cc40d-7939-4d4d-a931-b4de4070fea1_0051.jpg,acetaminophen,train
train/acetaminophen/acetaminophen_e27b6637-ef32-44b5-a531-b6617d02fbbf_0041.jpg,acetaminophen,train
train/acetaminophen/acetaminophen_1d9fa7ec-a509-28b2-e063-6294a90a7831_0072.jpg,acetaminophen,train
train/acetaminophen/acetaminophen_2c431220-c61b-4ad5-9ad2-58ccaee2d1c3_0008.jpg,acetaminophen,train
train/acetaminophen/acetaminophen_f01ab8ef-d29a-4e33-8a14-4c57ccdcc0d6_0044.jpg,acetaminophen,train
train/acetaminophen/acetaminophen_157fd0d2-aa54-406c-bcdb-dad531de3ce7_0106.jpg,acetaminophen,train
train/acetaminophen/acetaminophen_157fd0d2-aa54-406c-bcdb-dad531de3ce7_0105.jpg,acetaminophen,train
train/acetaminophen/acetaminophen_91063edd-1e7e-41e9-8412-b14ef3749018_0059.jpg,acetaminophen,train
train/acetaminophen/acetaminophen_932a3d40-9b52-4e91-bc61-6fd506f2d9e6_0060.jpg,acetaminophen,train
train/acetaminophen/acetaminophen_f9b8dbe1-7ff9-4320-850c-6e86e98d4393_0047.jpg,acetaminophen,train
train/acetaminophen/acetaminophen_27820bce-6638-4f17-ac66-62b02b76bec3_0007.jpg,acetaminophen,train
train/acetaminophen/acetaminophen_7f0f8b3c-c226-4a3a-af46-a708f345e4f5_0023.jpg,acetaminophen,train
train/acetaminophen/acetaminophen_42a17f54-7851-84fb-e063-6394a90a9ec1_0075.jpg,acetaminophen,train
train/acetaminophen/acetaminophen_20ae92d9-fbc6-5b7a-e063-6294a90a15c3_0110.jpg,acetaminophen,train
train/acetaminophen/acetaminophen_ac74be47-30f0-418b-bd07-502feaa9723f_0033.jpg,acetaminophen,train
train/acetaminophen/acetaminophen_e33f2319-2181-46db-a094-3e874b324c0a_0100.jpg,acetaminophen,train
train/acetaminophen/acetaminophen_45735cd8-ac07-3f12-e063-6294a90a0cb2_0056.jpg,acetaminophen,train
train/acetaminophen/acetaminophen_22a48a33-995b-481e-9e4e-1ad7ec346f44_0002.jpg,acetaminophen,train
train/acetaminophen/acetaminophen_4b567234-1da9-4e10-a427-877eea2be1c1_0057.jpg,acetaminophen,train
train/acetaminophen/acetaminophen_21181ba7-90e8-41c5-bd49-911ddd1480d3_0001.jpg,acetaminophen,train
train/acetaminophen/acetaminophen_5278a128-41ec-4494-e054-00144ff8d46c_0084.jpg,acetaminophen,train
train/acetaminophen/acetaminophen_6286e128-1288-4dc0-b14b-f04a0e2a22f9_0087.jpg,acetaminophen,train
train/acetaminophen/acetaminophen_7650c4bc-9dad-dde0-e053-2a91aa0aa20b_0093.jpg,acetaminophen,train
train/acetaminophen/acetaminophen_0dba1329-5b0d-5688-e054-00144ff8d46c_0069.jpg,acetaminophen,train
train/acetaminophen/acetaminophen_0dba1329-5b0d-5688-e054-00144ff8d46c_0070.jpg,acetaminophen,train
train/acetaminophen/acetaminophen_277363f4-1c00-ddb7-e063-6294a90a4677_0006.jpg,acetaminophen,train
train/acetaminophen/acetaminophen_dc315218-bdd9-44b4-ab0a-71077fe0a73c_0038.jpg,acetaminophen,train
train/acetaminophen/acetaminophen_9a32bc6d-0499-48fa-a6ad-702c8a28bf5f_0031.jpg,acetaminophen,train
train/acetaminophen/acetaminophen_1d9fa7ec-a509-28b2-e063-6294a90a7831_0073.jpg,acetaminophen,train
train/acetaminophen/acetaminophen_82fa5151-d5ee-4ad8-ba7c-a2df8a09e1a6_0026.jpg,acetaminophen,train
train/acetaminophen/acetaminophen_ec543339-20ab-2cba-e053-2995a90ac740_0043.jpg,acetaminophen,train
train/acetaminophen/acetaminophen_0670c33e-8a3c-ae00-e063-6294a90a165b_0068.jpg,acetaminophen,train
train/acetaminophen/acetaminophen_6286e128-1288-4dc0-b14b-f04a0e2a22f9_0090.jpg,acetaminophen,train
train/acetaminophen/acetaminophen_52542774-fd05-640c-e054-00144ff8d46c_0082.jpg,acetaminophen,train
train/acetaminophen/acetaminophen_04ccc4b2-0cfd-3012-e063-6394a90afa79_0065.jpg,acetaminophen,train
train/acetaminophen/acetaminophen_6286e128-1288-4dc0-b14b-f04a0e2a22f9_0088.jpg,acetaminophen,train
train/acetaminophen/acetaminophen_6286e128-1288-4dc0-b14b-f04a0e2a22f9_0089.jpg,acetaminophen,train
train/acetaminophen/acetaminophen_33599f18-5f49-4f22-8a77-a072115763ef_0010.jpg,acetaminophen,train
train/acetaminophen/acetaminophen_bb24c298-1d00-4378-8de3-b4056220fa75_0062.jpg,acetaminophen,train
train/acetaminophen/acetaminophen_5213ca7f-5a78-6471-e054-00144ff88e88_0079.jpg,acetaminophen,train
train/acetaminophen/acetaminophen_dc315218-bdd9-44b4-ab0a-71077fe0a73c_0037.jpg,acetaminophen,train
train/acetaminophen/acetaminophen_20ac6010-84f4-eeff-e063-6294a90a50a7_0074.jpg,acetaminophen,train
train/acetaminophen/acetaminophen_14951faa-9476-6f29-e063-6394a90a14c7_0103.jpg,acetaminophen,train
train/acetaminophen/acetaminophen_7f0f8b3c-c226-4a3a-af46-a708f345e4f5_0022.jpg,acetaminophen,train
train/acetaminophen/acetaminophen_0dba1329-5b0d-5688-e054-00144ff8d46c_0071.jpg,acetaminophen,train
train/acetaminophen/acetaminophen_05fda811-d65f-41b2-89e4-297cdddb3d99_0066.jpg,acetaminophen,train
train/acetaminophen/acetaminophen_149330be-24bd-b4a4-e063-6394a90a9007_0102.jpg,acetaminophen,train
train/acetaminophen/acetaminophen_87d4cfc0-c7b4-42c0-bfa9-96e124e32ed3_0028.jpg,acetaminophen,train
train/acetaminophen/acetaminophen_fac4e0c6-684f-45a1-99f2-de4de4017cc8_0048.jpg,acetaminophen,train
train/acetaminophen/acetaminophen_5213ca7f-5a78-6471-e054-00144ff88e88_0078.jpg,acetaminophen,train
train/acetaminophen/acetaminophen_fdd0dadc-5313-4f6e-aef5-ca853efe5c4d_0049.jpg,acetaminophen,train
train/acetaminophen/acetaminophen_5213ca7f-5a78-6471-e054-00144ff88e88_0080.jpg,acetaminophen,train
train/acetaminophen/acetaminophen_157fd0d2-aa54-406c-bcdb-dad531de3ce7_0104.jpg,acetaminophen,train
train/acetaminophen/acetaminophen_dc315218-bdd9-44b4-ab0a-71077fe0a73c_0036.jpg,acetaminophen,train
train/acetaminophen/acetaminophen_52542774-fd05-640c-e054-00144ff8d46c_0081.jpg,acetaminophen,train
train/acetaminophen/acetaminophen_04f2c3ed-4bcf-4b6a-b8fb-0aa6ecb3dca2_0101.jpg,acetaminophen,train
train/acetaminophen/acetaminophen_f65203a2-64f0-4138-97e4-6eab99194178_0045.jpg,acetaminophen,train
train/acetaminophen/acetaminophen_2497a011-d7a0-4d69-97e2-bbf25a99b1cc_0004.jpg,acetaminophen,train
train/acetaminophen/acetaminophen_355a094c-bed9-4959-8cf0-619f0e246105_0011.jpg,acetaminophen,train
train/acetaminophen/acetaminophen_513ca24f-1262-4a2d-e054-00144ff8d46c_0077.jpg,acetaminophen,train
train/acetaminophen/acetaminophen_b995a0b2-898d-4a8f-b44f-097ae54e0ba5_0097.jpg,acetaminophen,train
train/acetaminophen/acetaminophen_7f0f8b3c-c226-4a3a-af46-a708f345e4f5_0020.jpg,acetaminophen,train
train/acetaminophen/acetaminophen_6286e128-1288-4dc0-b14b-f04a0e2a22f9_0091.jpg,acetaminophen,train
train/acetaminophen/acetaminophen_457180c9-87ea-5b52-e063-6294a90a7e9d_0055.jpg,acetaminophen,train
train/acetaminophen/acetaminophen_75520b77-d40b-4f43-b92a-7a3eba5b493f_0015.jpg,acetaminophen,train
val/acetaminophen/acetaminophen_c830d1ac-c4c5-4eb1-98bb-22707cb6db91_0035.jpg,acetaminophen,val
val/acetaminophen/acetaminophen_b747cb49-e11b-4dca-90a3-2510b430880b_0096.jpg,acetaminophen,val
val/acetaminophen/acetaminophen_852e5822-9bc0-06ed-e053-2a91aa0a5f1b_0094.jpg,acetaminophen,val
val/acetaminophen/acetaminophen_24894484-b834-4b2f-b365-c95b5e30d8bf_0003.jpg,acetaminophen,val
val/acetaminophen/acetaminophen_77776146-c6e6-478c-b30e-2b729e758400_0018.jpg,acetaminophen,val
val/acetaminophen/acetaminophen_30d41dc3-e2ef-4cad-b63c-d634bc749aa1_0009.jpg,acetaminophen,val
val/acetaminophen/acetaminophen_e19b561c-fb76-4355-a306-d3dc46930bf2_0039.jpg,acetaminophen,val
val/acetaminophen/acetaminophen_e4cbfb06-d826-4d08-95d6-60305c417625_0042.jpg,acetaminophen,val
val/acetaminophen/acetaminophen_ff878f56-125a-4de7-b063-029f7030733d_0050.jpg,acetaminophen,val
val/acetaminophen/acetaminophen_177d78c7-871c-cb39-e063-6394a90aab24_0109.jpg,acetaminophen,val
val/acetaminophen/acetaminophen_82fa5151-d5ee-4ad8-ba7c-a2df8a09e1a6_0025.jpg,acetaminophen,val
val/acetaminophen/acetaminophen_3738d35c-1e83-40df-9292-c54e6b2c8353_0053.jpg,acetaminophen,val
val/acetaminophen/acetaminophen_7f0f8b3c-c226-4a3a-af46-a708f345e4f5_0024.jpg,acetaminophen,val
val/acetaminophen/acetaminophen_5efd6c61-74ed-4253-896a-e4a40bd8f25b_0014.jpg,acetaminophen,val
val/acetaminophen/acetaminophen_45381b1c-2acd-1524-e063-6394a90a83d9_0054.jpg,acetaminophen,val
val/acetaminophen/acetaminophen_04ccc4b2-0cfd-3012-e063-6394a90afa79_0064.jpg,acetaminophen,val
test/acetaminophen/acetaminophen_77776146-c6e6-478c-b30e-2b729e758400_0019.jpg,acetaminophen,test
test/acetaminophen/acetaminophen_d0dd4a75-da65-4c66-b65f-54ee14100846_0099.jpg,acetaminophen,test
test/acetaminophen/acetaminophen_95203001-7ca6-4513-83a3-9ef17855bc0f_0029.jpg,acetaminophen,test
test/acetaminophen/acetaminophen_21181ba7-90e8-41c5-bd49-911ddd1480d3_0000.jpg,acetaminophen,test
test/acetaminophen/acetaminophen_77776146-c6e6-478c-b30e-2b729e758400_0017.jpg,acetaminophen,test
test/acetaminophen/acetaminophen_157fd0d2-aa54-406c-bcdb-dad531de3ce7_0108.jpg,acetaminophen,test
test/acetaminophen/acetaminophen_82fa5151-d5ee-4ad8-ba7c-a2df8a09e1a6_0027.jpg,acetaminophen,test
test/acetaminophen/acetaminophen_04ccc4b2-0cfd-3012-e063-6394a90afa79_0063.jpg,acetaminophen,test
test/acetaminophen/acetaminophen_c57c10fc-f182-4153-8974-ef359a5f5ac1_0034.jpg,acetaminophen,test
test/acetaminophen/acetaminophen_4535d4fe-9de7-f2c6-e063-6394a90a944a_0076.jpg,acetaminophen,test
test/acetaminophen/acetaminophen_5278a128-41ec-4494-e054-00144ff8d46c_0085.jpg,acetaminophen,test
test/acetaminophen/acetaminophen_bb24c298-1d00-4378-8de3-b4056220fa75_0061.jpg,acetaminophen,test
test/acetaminophen/acetaminophen_2771d699-3f70-4318-e063-6394a90a89cc_0005.jpg,acetaminophen,test
test/acetaminophen/acetaminophen_960f5676-d8c5-470b-a663-4b8d152339b4_0030.jpg,acetaminophen,test
test/acetaminophen/acetaminophen_351d3c5c-05c8-921a-e063-6394a90abef9_0111.jpg,acetaminophen,test
test/acetaminophen/acetaminophen_52542774-fd05-640c-e054-00144ff8d46c_0083.jpg,acetaminophen,test
test/acetaminophen/acetaminophen_77776146-c6e6-478c-b30e-2b729e758400_0016.jpg,acetaminophen,test
test/acetaminophen/acetaminophen_7f0f8b3c-c226-4a3a-af46-a708f345e4f5_0021.jpg,acetaminophen,test
train/albuterol/albuterol_2e449282-ee58-4e36-b983-85c4e6f0864d_0011.jpg,albuterol,train
train/albuterol/albuterol_0cfb6c5d-eac2-4a1c-8a0f-6b00e819adda_0058.jpg,albuterol,train
train/albuterol/albuterol_081b7bbb-6692-4512-b135-863b73bf30a5_0128.jpg,albuterol,train
train/albuterol/albuterol_32dbec5e-044a-40b6-9b88-e1396c4b4b6e_0026.jpg,albuterol,train
train/albuterol/albuterol_32d954ee-9790-4beb-95db-72dbf8efa639_0083.jpg,albuterol,train
train/albuterol/albuterol_32d954ee-9790-4beb-95db-72dbf8efa639_0091.jpg,albuterol,train
train/albuterol/albuterol_e31d8d13-ac19-4738-97d4-d7790ce2e8e3_0108.jpg,albuterol,train
train/albuterol/albuterol_440a96bb-9e69-bdcc-e063-6294a90a6793_0103.jpg,albuterol,train
train/albuterol/albuterol_9832312e-0310-4ab6-8501-afa976fc7eb2_0042.jpg,albuterol,train
train/albuterol/albuterol_e31d8d13-ac19-4738-97d4-d7790ce2e8e3_0113.jpg,albuterol,train
train/albuterol/albuterol_440a96bb-9e69-bdcc-e063-6294a90a6793_0104.jpg,albuterol,train
train/albuterol/albuterol_9832312e-0310-4ab6-8501-afa976fc7eb2_0036.jpg,albuterol,train
train/albuterol/albuterol_2e449282-ee58-4e36-b983-85c4e6f0864d_0018.jpg,albuterol,train
train/albuterol/albuterol_32dbec5e-044a-40b6-9b88-e1396c4b4b6e_0033.jpg,albuterol,train
train/albuterol/albuterol_0cfb6c5d-eac2-4a1c-8a0f-6b00e819adda_0064.jpg,albuterol,train
train/albuterol/albuterol_2e449282-ee58-4e36-b983-85c4e6f0864d_0023.jpg,albuterol,train
train/albuterol/albuterol_0cfb6c5d-eac2-4a1c-8a0f-6b00e819adda_0062.jpg,albuterol,train
train/albuterol/albuterol_056e145b-87aa-4009-a7ab-2ac0bd086eb0_0118.jpg,albuterol,train
train/albuterol/albuterol_32dbec5e-044a-40b6-9b88-e1396c4b4b6e_0032.jpg,albuterol,train
train/albuterol/albuterol_32d954ee-9790-4beb-95db-72dbf8efa639_0081.jpg,albuterol,train
train/albuterol/albuterol_0cfb6c5d-eac2-4a1c-8a0f-6b00e819adda_0068.jpg,albuterol,train
train/albuterol/albuterol_9832312e-0310-4ab6-8501-afa976fc7eb2_0034.jpg,albuterol,train
train/albuterol/albuterol_0f9bf2c8-55c0-4b4d-97de-d6c7220c3862_0135.jpg,albuterol,train
train/albuterol/albuterol_0cfb6c5d-eac2-4a1c-8a0f-6b00e819adda_0067.jpg,albuterol,train
train/albuterol/albuterol_574824f3-51cc-4b94-9c10-e3204d8b19f8_0002.jpg,albuterol,train
train/albuterol/albuterol_32d954ee-9790-4beb-95db-72dbf8efa639_0087.jpg,albuterol,train
train/albuterol/albuterol_0f9bf2c8-55c0-4b4d-97de-d6c7220c3862_0136.jpg,albuterol,train
train/albuterol/albuterol_574824f3-51cc-4b94-9c10-e3204d8b19f8_0000.jpg,albuterol,train
train/albuterol/albuterol_2e449282-ee58-4e36-b983-85c4e6f0864d_0019.jpg,albuterol,train
train/albuterol/albuterol_081b7bbb-6692-4512-b135-863b73bf30a5_0133.jpg,albuterol,train
train/albuterol/albuterol_2c3f975c-dbd8-0362-e063-6394a90a16dd_0143.jpg,albuterol,train
train/albuterol/albuterol_9832312e-0310-4ab6-8501-afa976fc7eb2_0040.jpg,albuterol,train
train/albuterol/albuterol_9832312e-0310-4ab6-8501-afa976fc7eb2_0038.jpg,albuterol,train
train/albuterol/albuterol_056e145b-87aa-4009-a7ab-2ac0bd086eb0_0121.jpg,albuterol,train
train/albuterol/albuterol_4120061a-dbae-8918-e063-6394a90afbf2_0149.jpg,albuterol,train
train/albuterol/albuterol_440a96bb-9e69-bdcc-e063-6294a90a6793_0097.jpg,albuterol,train
train/albuterol/albuterol_2e449282-ee58-4e36-b983-85c4e6f0864d_0014.jpg,albuterol,train
train/albuterol/albuterol_b444478a-10ce-484f-9039-6383dfb8161e_0050.jpg,albuterol,train
train/albuterol/albuterol_2e449282-ee58-4e36-b983-85c4e6f0864d_0013.jpg,albuterol,train
train/albuterol/albuterol_b444478a-10ce-484f-9039-6383dfb8161e_0053.jpg,albuterol,train
train/albuterol/albuterol_440a96bb-9e69-bdcc-e063-6294a90a6793_0100.jpg,albuterol,train
train/albuterol/albuterol_0cfb6c5d-eac2-4a1c-8a0f-6b00e819adda_0077.jpg,albuterol,train
train/albuterol/albuterol_32d954ee-9790-4beb-95db-72dbf8efa639_0090.jpg,albuterol,train
train/albuterol/albuterol_0cfb6c5d-eac2-4a1c-8a0f-6b00e819adda_0066.jpg,albuterol,train
train/albuterol/albuterol_b444478a-10ce-484f-9039-6383dfb8161e_0055.jpg,albuterol,train
train/albuterol/albuterol_0cfb6c5d-eac2-4a1c-8a0f-6b00e819adda_0076.jpg,albuterol,train
train/albuterol/albuterol_081b7bbb-6692-4512-b135-863b73bf30a5_0129.jpg,albuterol,train
train/albuterol/albuterol_2e449282-ee58-4e36-b983-85c4e6f0864d_0015.jpg,albuterol,train
train/albuterol/albuterol_2c3f975c-dbd8-0362-e063-6394a90a16dd_0142.jpg,albuterol,train
train/albuterol/albuterol_440a96bb-9e69-bdcc-e063-6294a90a6793_0105.jpg,albuterol,train
train/albuterol/albuterol_0cfb6c5d-eac2-4a1c-8a0f-6b00e819adda_0063.jpg,albuterol,train
train/albuterol/albuterol_574824f3-51cc-4b94-9c10-e3204d8b19f8_0009.jpg,albuterol,train
train/albuterol/albuterol_32d954ee-9790-4beb-95db-72dbf8efa639_0092.jpg,albuterol,train
train/albuterol/albuterol_e31d8d13-ac19-4738-97d4-d7790ce2e8e3_0110.jpg,albuterol,train
train/albuterol/albuterol_32d954ee-9790-4beb-95db-72dbf8efa639_0086.jpg,albuterol,train
train/albuterol/albuterol_574824f3-51cc-4b94-9c10-e3204d8b19f8_0006.jpg,albuterol,train
train/albuterol/albuterol_056e145b-87aa-4009-a7ab-2ac0bd086eb0_0120.jpg,albuterol,train
train/albuterol/albuterol_2e449282-ee58-4e36-b983-85c4e6f0864d_0012.jpg,albuterol,train
train/albuterol/albuterol_081b7bbb-6692-4512-b135-863b73bf30a5_0134.jpg,albuterol,train
train/albuterol/albuterol_32d954ee-9790-4beb-95db-72dbf8efa639_0085.jpg,albuterol,train
train/albuterol/albuterol_0f9bf2c8-55c0-4b4d-97de-d6c7220c3862_0138.jpg,albuterol,train
train/albuterol/albuterol_0cfb6c5d-eac2-4a1c-8a0f-6b00e819adda_0060.jpg,albuterol,train
train/albuterol/albuterol_440a96bb-9e69-bdcc-e063-6294a90a6793_0096.jpg,albuterol,train
train/albuterol/albuterol_32dbec5e-044a-40b6-9b88-e1396c4b4b6e_0029.jpg,albuterol,train
train/albuterol/albuterol_440a96bb-9e69-bdcc-e063-6294a90a6793_0099.jpg,albuterol,train
train/albuterol/albuterol_e31d8d13-ac19-4738-97d4-d7790ce2e8e3_0109.jpg,albuterol,train
train/albuterol/albuterol_b444478a-10ce-484f-9039-6383dfb8161e_0052.jpg,albuterol,train
train/albuterol/albuterol_2e449282-ee58-4e36-b983-85c4e6f0864d_0017.jpg,albuterol,train
train/albuterol/albuterol_440a96bb-9e69-bdcc-e063-6294a90a6793_0102.jpg,albuterol,train
train/albuterol/albuterol_574824f3-51cc-4b94-9c10-e3204d8b19f8_0003.jpg,albuterol,train
train/albuterol/albuterol_0cfb6c5d-eac2-4a1c-8a0f-6b00e819adda_0073.jpg,albuterol,train
train/albuterol/albuterol_9832312e-0310-4ab6-8501-afa976fc7eb2_0043.jpg,albuterol,train
train/albuterol/albuterol_0cfb6c5d-eac2-4a1c-8a0f-6b00e819adda_0072.jpg,albuterol,train
train/albuterol/albuterol_32d954ee-9790-4beb-95db-72dbf8efa639_0095.jpg,albuterol,train
train/albuterol/albuterol_32d954ee-9790-4beb-95db-72dbf8efa639_0078.jpg,albuterol,train
train/albuterol/albuterol_0cfb6c5d-eac2-4a1c-8a0f-6b00e819adda_0069.jpg,albuterol,train
train/albuterol/albuterol_574824f3-51cc-4b94-9c10-e3204d8b19f8_0001.jpg,albuterol,train
train/albuterol/albuterol_574824f3-51cc-4b94-9c10-e3204d8b19f8_0005.jpg,albuterol,train
train/albuterol/albuterol_9832312e-0310-4ab6-8501-afa976fc7eb2_0041.jpg,albuterol,train
train/albuterol/albuterol_9832312e-0310-4ab6-8501-afa976fc7eb2_0037.jpg,albuterol,train
train/albuterol/albuterol_32dbec5e-044a-40b6-9b88-e1396c4b4b6e_0024.jpg,albuterol,train
train/albuterol/albuterol_9832312e-0310-4ab6-8501-afa976fc7eb2_0039.jpg,albuterol,train
train/albuterol/albuterol_32d954ee-9790-4beb-95db-72dbf8efa639_0089.jpg,albuterol,train
train/albuterol/albuterol_e31d8d13-ac19-4738-97d4-d7790ce2e8e3_0117.jpg,albuterol,train
train/albuterol/albuterol_9832312e-0310-4ab6-8501-afa976fc7eb2_0035.jpg,albuterol,train
train/albuterol/albuterol_0cfb6c5d-eac2-4a1c-8a0f-6b00e819adda_0074.jpg,albuterol,train
train/albuterol/albuterol_081b7bbb-6692-4512-b135-863b73bf30a5_0125.jpg,albuterol,train
train/albuterol/albuterol_440a96bb-9e69-bdcc-e063-6294a90a6793_0098.jpg,albuterol,train
train/albuterol/albuterol_440a96bb-9e69-bdcc-e063-6294a90a6793_0106.jpg,albuterol,train
train/albuterol/albuterol_081b7bbb-6692-4512-b135-863b73bf30a5_0127.jpg,albuterol,train
train/albuterol/albuterol_574824f3-51cc-4b94-9c10-e3204d8b19f8_0004.jpg,albuterol,train
train/albuterol/albuterol_081b7bbb-6692-4512-b135-863b73bf30a5_0123.jpg,albuterol,train
train/albuterol/albuterol_4120061a-dbae-8918-e063-6394a90afbf2_0147.jpg,albuterol,train
train/albuterol/albuterol_2c3f975c-dbd8-0362-e063-6394a90a16dd_0141.jpg,albuterol,train
train/albuterol/albuterol_32d954ee-9790-4beb-95db-72dbf8efa639_0080.jpg,albuterol,train
train/albuterol/albuterol_0cfb6c5d-eac2-4a1c-8a0f-6b00e819adda_0061.jpg,albuterol,train
train/albuterol/albuterol_9832312e-0310-4ab6-8501-afa976fc7eb2_0046.jpg,albuterol,train
train/albuterol/albuterol_081b7bbb-6692-4512-b135-863b73bf30a5_0124.jpg,albuterol,train
train/albuterol/albuterol_32dbec5e-044a-40b6-9b88-e1396c4b4b6e_0031.jpg,albuterol,train
train/albuterol/albuterol_2e449282-ee58-4e36-b983-85c4e6f0864d_0020.jpg,albuterol,train
train/albuterol/albuterol_056e145b-87aa-4009-a7ab-2ac0bd086eb0_0119.jpg,albuterol,train
train/albuterol/albuterol_32d954ee-9790-4beb-95db-72dbf8efa639_0082.jpg,albuterol,train
train/albuterol/albuterol_0cfb6c5d-eac2-4a1c-8a0f-6b00e819adda_0065.jpg,albuterol,train
train/albuterol/albuterol_9832312e-0310-4ab6-8501-afa976fc7eb2_0047.jpg,albuterol,train
train/albuterol/albuterol_0cfb6c5d-eac2-4a1c-8a0f-6b00e819adda_0070.jpg,albuterol,train
val/albuterol/albuterol_9832312e-0310-4ab6-8501-afa976fc7eb2_0045.jpg,albuterol,val
val/albuterol/albuterol_e31d8d13-ac19-4738-97d4-d7790ce2e8e3_0116.jpg,albuterol,val
val/albuterol/albuterol_32d954ee-9790-4beb-95db-72dbf8efa639_0079.jpg,albuterol,val
val/albuterol/albuterol_574824f3-51cc-4b94-9c10-e3204d8b19f8_0007.jpg,albuterol,val
val/albuterol/albuterol_0cfb6c5d-eac2-4a1c-8a0f-6b00e819adda_0075.jpg,albuterol,val
val/albuterol/albuterol_4120061a-dbae-8918-e063-6394a90afbf2_0146.jpg,albuterol,val
val/albuterol/albuterol_b444478a-10ce-484f-9039-6383dfb8161e_0051.jpg,albuterol,val
val/albuterol/albuterol_081b7bbb-6692-4512-b135-863b73bf30a5_0126.jpg,albuterol,val
val/albuterol/albuterol_e31d8d13-ac19-4738-97d4-d7790ce2e8e3_0114.jpg,albuterol,val
val/albuterol/albuterol_4120061a-dbae-8918-e063-6394a90afbf2_0148.jpg,albuterol,val
val/albuterol/albuterol_32d954ee-9790-4beb-95db-72dbf8efa639_0084.jpg,albuterol,val
val/albuterol/albuterol_e31d8d13-ac19-4738-97d4-d7790ce2e8e3_0111.jpg,albuterol,val
val/albuterol/albuterol_2e449282-ee58-4e36-b983-85c4e6f0864d_0022.jpg,albuterol,val
val/albuterol/albuterol_440a96bb-9e69-bdcc-e063-6294a90a6793_0101.jpg,albuterol,val
val/albuterol/albuterol_2e449282-ee58-4e36-b983-85c4e6f0864d_0010.jpg,albuterol,val
val/albuterol/albuterol_b444478a-10ce-484f-9039-6383dfb8161e_0057.jpg,albuterol,val
val/albuterol/albuterol_32dbec5e-044a-40b6-9b88-e1396c4b4b6e_0025.jpg,albuterol,val
val/albuterol/albuterol_9832312e-0310-4ab6-8501-afa976fc7eb2_0048.jpg,albuterol,val
val/albuterol/albuterol_0cfb6c5d-eac2-4a1c-8a0f-6b00e819adda_0059.jpg,albuterol,val
val/albuterol/albuterol_b444478a-10ce-484f-9039-6383dfb8161e_0056.jpg,albuterol,val
val/albuterol/albuterol_081b7bbb-6692-4512-b135-863b73bf30a5_0131.jpg,albuterol,val
val/albuterol/albuterol_b444478a-10ce-484f-9039-6383dfb8161e_0054.jpg,albuterol,val
test/albuterol/albuterol_440a96bb-9e69-bdcc-e063-6294a90a6793_0107.jpg,albuterol,test
test/albuterol/albuterol_574824f3-51cc-4b94-9c10-e3204d8b19f8_0008.jpg,albuterol,test
test/albuterol/albuterol_32dbec5e-044a-40b6-9b88-e1396c4b4b6e_0030.jpg,albuterol,test
test/albuterol/albuterol_378461f2-7271-44a3-9da3-b39970b65d3a_0145.jpg,albuterol,test
test/albuterol/albuterol_32d954ee-9790-4beb-95db-72dbf8efa639_0093.jpg,albuterol,test
test/albuterol/albuterol_32d954ee-9790-4beb-95db-72dbf8efa639_0094.jpg,albuterol,test
test/albuterol/albuterol_32dbec5e-044a-40b6-9b88-e1396c4b4b6e_0027.jpg,albuterol,test
test/albuterol/albuterol_2e449282-ee58-4e36-b983-85c4e6f0864d_0016.jpg,albuterol,test
test/albuterol/albuterol_e31d8d13-ac19-4738-97d4-d7790ce2e8e3_0112.jpg,albuterol,test
test/albuterol/albuterol_32dbec5e-044a-40b6-9b88-e1396c4b4b6e_0028.jpg,albuterol,test
test/albuterol/albuterol_0cfb6c5d-eac2-4a1c-8a0f-6b00e819adda_0071.jpg,albuterol,test
test/albuterol/albuterol_2c3f975c-dbd8-0362-e063-6394a90a16dd_0140.jpg,albuterol,test
test/albuterol/albuterol_0f9bf2c8-55c0-4b4d-97de-d6c7220c3862_0139.jpg,albuterol,test
test/albuterol/albuterol_e31d8d13-ac19-4738-97d4-d7790ce2e8e3_0115.jpg,albuterol,test
test/albuterol/albuterol_32d954ee-9790-4beb-95db-72dbf8efa639_0088.jpg,albuterol,test
test/albuterol/albuterol_056e145b-87aa-4009-a7ab-2ac0bd086eb0_0122.jpg,albuterol,test
test/albuterol/albuterol_9832312e-0310-4ab6-8501-afa976fc7eb2_0049.jpg,albuterol,test
test/albuterol/albuterol_081b7bbb-6692-4512-b135-863b73bf30a5_0130.jpg,albuterol,test
test/albuterol/albuterol_378461f2-7271-44a3-9da3-b39970b65d3a_0144.jpg,albuterol,test
test/albuterol/albuterol_081b7bbb-6692-4512-b135-863b73bf30a5_0132.jpg,albuterol,test
test/albuterol/albuterol_9832312e-0310-4ab6-8501-afa976fc7eb2_0044.jpg,albuterol,test
test/albuterol/albuterol_0f9bf2c8-55c0-4b4d-97de-d6c7220c3862_0137.jpg,albuterol,test
test/albuterol/albuterol_2e449282-ee58-4e36-b983-85c4e6f0864d_0021.jpg,albuterol,test
train/amlodipine/amlodipine_14124e56-77ba-426d-8f5a-dbe42eda1a20_0059.jpg,amlodipine,train
train/amlodipine/amlodipine_968c611b-43a7-40f0-9ed3-aa67ee88364b_0143.jpg,amlodipine,train
train/amlodipine/amlodipine_1eb78d80-701d-4766-98c3-feee6790de1a_0074.jpg,amlodipine,train
train/amlodipine/amlodipine_4c7b1b11-90a3-bc1c-0e45-9e2a14ef0b03_0119.jpg,amlodipine,train
train/amlodipine/amlodipine_41496b0d-f1ca-4e9d-e063-6394a90aec1d_0090.jpg,amlodipine,train
train/amlodipine/amlodipine_968c611b-43a7-40f0-9ed3-aa67ee88364b_0141.jpg,amlodipine,train
train/amlodipine/amlodipine_4c7b1b11-90a3-bc1c-0e45-9e2a14ef0b03_0116.jpg,amlodipine,train
train/amlodipine/amlodipine_968c611b-43a7-40f0-9ed3-aa67ee88364b_0142.jpg,amlodipine,train
train/amlodipine/amlodipine_3ad66075-0875-4703-9d21-a424b5ab892a_0086.jpg,amlodipine,train
train/amlodipine/amlodipine_14124e56-77ba-426d-8f5a-dbe42eda1a20_0054.jpg,amlodipine,train
train/amlodipine/amlodipine_5409b296-3bed-47cd-abba-9fe6f6833af6_0014.jpg,amlodipine,train
train/amlodipine/amlodipine_14124e56-77ba-426d-8f5a-dbe42eda1a20_0068.jpg,amlodipine,train
train/amlodipine/amlodipine_003dd1ec-16f8-4f96-b6a8-c4689d35892a_0026.jpg,amlodipine,train
train/amlodipine/amlodipine_14124e56-77ba-426d-8f5a-dbe42eda1a20_0062.jpg,amlodipine,train
train/amlodipine/amlodipine_1eb78d80-701d-4766-98c3-feee6790de1a_0073.jpg,amlodipine,train
train/amlodipine/amlodipine_4c7b1b11-90a3-bc1c-0e45-9e2a14ef0b03_0117.jpg,amlodipine,train
train/amlodipine/amlodipine_14124e56-77ba-426d-8f5a-dbe42eda1a20_0065.jpg,amlodipine,train
train/amlodipine/amlodipine_41af64c4-b788-d827-e063-6394a90a9157_0098.jpg,amlodipine,train
train/amlodipine/amlodipine_ea774c36-e970-4d9c-9487-6cc57741fec5_0021.jpg,amlodipine,train
train/amlodipine/amlodipine_27b0c628-820a-48bf-a411-86c0ebd4cc8d_0077.jpg,amlodipine,train
train/amlodipine/amlodipine_7367289c-b0b0-466a-83e2-558e2985c29f_0005.jpg,amlodipine,train
train/amlodipine/amlodipine_55a1d22e-04ad-4475-9b05-0d534e289160_0128.jpg,amlodipine,train
train/amlodipine/amlodipine_968c611b-43a7-40f0-9ed3-aa67ee88364b_0147.jpg,amlodipine,train
train/amlodipine/amlodipine_55a1d22e-04ad-4475-9b05-0d534e289160_0127.jpg,amlodipine,train
train/amlodipine/amlodipine_7367289c-b0b0-466a-83e2-558e2985c29f_0004.jpg,amlodipine,train
train/amlodipine/amlodipine_3ad66075-0875-4703-9d21-a424b5ab892a_0085.jpg,amlodipine,train
train/amlodipine/amlodipine_55a1d22e-04ad-4475-9b05-0d534e289160_0120.jpg,amlodipine,train
train/amlodipine/amlodipine_47114f60-4151-43d4-ac2d-adc49492a679_0103.jpg,amlodipine,train
train/amlodipine/amlodipine_ea774c36-e970-4d9c-9487-6cc57741fec5_0022.jpg,amlodipine,train
train/amlodipine/amlodipine_ea774c36-e970-4d9c-9487-6cc57741fec5_0019.jpg,amlodipine,train
train/amlodipine/amlodipine_7b5eb6bd-e953-429e-9280-07da4f7d7f47_0139.jpg,amlodipine,train
train/amlodipine/amlodipine_14124e56-77ba-426d-8f5a-dbe42eda1a20_0050.jpg,amlodipine,train
train/amlodipine/amlodipine_41496b0d-f1ca-4e9d-e063-6394a90aec1d_0091.jpg,amlodipine,train
train/amlodipine/amlodipine_2b0bcb95-dc85-46f7-8b69-ca55cd58b30e_0010.jpg,amlodipine,train
train/amlodipine/amlodipine_47114f60-4151-43d4-ac2d-adc49492a679_0102.jpg,amlodipine,train
train/amlodipine/amlodipine_968c611b-43a7-40f0-9ed3-aa67ee88364b_0145.jpg,amlodipine,train
train/amlodipine/amlodipine_55a1d22e-04ad-4475-9b05-0d534e289160_0123.jpg,amlodipine,train
train/amlodipine/amlodipine_13ecf91f-dce8-4262-a54a-7bef2b1591c3_0046.jpg,amlodipine,train
train/amlodipine/amlodipine_55a1d22e-04ad-4475-9b05-0d534e289160_0122.jpg,amlodipine,train
train/amlodipine/amlodipine_14124e56-77ba-426d-8f5a-dbe42eda1a20_0061.jpg,amlodipine,train
train/amlodipine/amlodipine_5a0b3dd4-91f5-4173-a992-e91b1cac6a18_0132.jpg,amlodipine,train
train/amlodipine/amlodipine_13ecf91f-dce8-4262-a54a-7bef2b1591c3_0047.jpg,amlodipine,train
train/amlodipine/amlodipine_41af64c4-b788-d827-e063-6394a90a9157_0100.jpg,amlodipine,train
train/amlodipine/amlodipine_7367289c-b0b0-466a-83e2-558e2985c29f_0002.jpg,amlodipine,train
train/amlodipine/amlodipine_55a1d22e-04ad-4475-9b05-0d534e289160_0126.jpg,amlodipine,train
train/amlodipine/amlodipine_41af64c4-b788-d827-e063-6394a90a9157_0096.jpg,amlodipine,train
train/amlodipine/amlodipine_5a0b3dd4-91f5-4173-a992-e91b1cac6a18_0131.jpg,amlodipine,train
train/amlodipine/amlodipine_4c7b1b11-90a3-bc1c-0e45-9e2a14ef0b03_0118.jpg,amlodipine,train
train/amlodipine/amlodipine_14124e56-77ba-426d-8f5a-dbe42eda1a20_0066.jpg,amlodipine,train
train/amlodipine/amlodipine_27b0c628-820a-48bf-a411-86c0ebd4cc8d_0080.jpg,amlodipine,train
train/amlodipine/amlodipine_4c7b1b11-90a3-bc1c-0e45-9e2a14ef0b03_0114.jpg,amlodipine,train
train/amlodipine/amlodipine_14124e56-77ba-426d-8f5a-dbe42eda1a20_0055.jpg,amlodipine,train
train/amlodipine/amlodipine_02e233c4-48d1-456d-8fc8-f99a06ef854a_0037.jpg,amlodipine,train
train/amlodipine/amlodipine_003dd1ec-16f8-4f96-b6a8-c4689d35892a_0028.jpg,amlodipine,train
train/amlodipine/amlodipine_968c611b-43a7-40f0-9ed3-aa67ee88364b_0149.jpg,amlodipine,train
train/amlodipine/amlodipine_41af64c4-b788-d827-e063-6394a90a9157_0099.jpg,amlodipine,train
train/amlodipine/amlodipine_2b0bcb95-dc85-46f7-8b69-ca55cd58b30e_0006.jpg,amlodipine,train
train/amlodipine/amlodipine_1eb78d80-701d-4766-98c3-feee6790de1a_0069.jpg,amlodipine,train
train/amlodipine/amlodipine_2b0bcb95-dc85-46f7-8b69-ca55cd58b30e_0007.jpg,amlodipine,train
train/amlodipine/amlodipine_2b0bcb95-dc85-46f7-8b69-ca55cd58b30e_0011.jpg,amlodipine,train
train/amlodipine/amlodipine_5a0b3dd4-91f5-4173-a992-e91b1cac6a18_0135.jpg,amlodipine,train
train/amlodipine/amlodipine_47114f60-4151-43d4-ac2d-adc49492a679_0101.jpg,amlodipine,train
train/amlodipine/amlodipine_5409b296-3bed-47cd-abba-9fe6f6833af6_0012.jpg,amlodipine,train
train/amlodipine/amlodipine_4c7b1b11-90a3-bc1c-0e45-9e2a14ef0b03_0111.jpg,amlodipine,train
train/amlodipine/amlodipine_4c7b1b11-90a3-bc1c-0e45-9e2a14ef0b03_0109.jpg,amlodipine,train
train/amlodipine/amlodipine_02e233c4-48d1-456d-8fc8-f99a06ef854a_0038.jpg,amlodipine,train
train/amlodipine/amlodipine_003dd1ec-16f8-4f96-b6a8-c4689d35892a_0033.jpg,amlodipine,train
train/amlodipine/amlodipine_7367289c-b0b0-466a-83e2-558e2985c29f_0000.jpg,amlodipine,train
train/amlodipine/amlodipine_4c7b1b11-90a3-bc1c-0e45-9e2a14ef0b03_0112.jpg,amlodipine,train
train/amlodipine/amlodipine_55a1d22e-04ad-4475-9b05-0d534e289160_0130.jpg,amlodipine,train
train/amlodipine/amlodipine_14124e56-77ba-426d-8f5a-dbe42eda1a20_0053.jpg,amlodipine,train
train/amlodipine/amlodipine_003dd1ec-16f8-4f96-b6a8-c4689d35892a_0029.jpg,amlodipine,train
train/amlodipine/amlodipine_4c7b1b11-90a3-bc1c-0e45-9e2a14ef0b03_0115.jpg,amlodipine,train
train/amlodipine/amlodipine_5a0b3dd4-91f5-4173-a992-e91b1cac6a18_0134.jpg,amlodipine,train
train/amlodipine/amlodipine_3ad66075-0875-4703-9d21-a424b5ab892a_0084.jpg,amlodipine,train
train/amlodipine/amlodipine_3ad66075-0875-4703-9d21-a424b5ab892a_0083.jpg,amlodipine,train
train/amlodipine/amlodipine_14124e56-77ba-426d-8f5a-dbe42eda1a20_0057.jpg,amlodipine,train
train/amlodipine/amlodipine_4c7b1b11-90a3-bc1c-0e45-9e2a14ef0b03_0105.jpg,amlodipine,train
train/amlodipine/amlodipine_1eb78d80-701d-4766-98c3-feee6790de1a_0075.jpg,amlodipine,train
train/amlodipine/amlodipine_5409b296-3bed-47cd-abba-9fe6f6833af6_0015.jpg,amlodipine,train
train/amlodipine/amlodipine_27b0c628-820a-48bf-a411-86c0ebd4cc8d_0079.jpg,amlodipine,train
train/amlodipine/amlodipine_5409b296-3bed-47cd-abba-9fe6f6833af6_0017.jpg,amlodipine,train
train/amlodipine/amlodipine_4c7b1b11-90a3-bc1c-0e45-9e2a14ef0b03_0106.jpg,amlodipine,train
train/amlodipine/amlodipine_7b5eb6bd-e953-429e-9280-07da4f7d7f47_0137.jpg,amlodipine,train
train/amlodipine/amlodipine_41af64c4-b788-d827-e063-6394a90a9157_0093.jpg,amlodipine,train
train/amlodipine/amlodipine_55a1d22e-04ad-4475-9b05-0d534e289160_0121.jpg,amlodipine,train
train/amlodipine/amlodipine_5a0b3dd4-91f5-4173-a992-e91b1cac6a18_0136.jpg,amlodipine,train
train/amlodipine/amlodipine_003dd1ec-16f8-4f96-b6a8-c4689d35892a_0036.jpg,amlodipine,train
train/amlodipine/amlodipine_14124e56-77ba-426d-8f5a-dbe42eda1a20_0064.jpg,amlodipine,train
train/amlodipine/amlodipine_41af64c4-b788-d827-e063-6394a90a9157_0095.jpg,amlodipine,train
train/amlodipine/amlodipine_7367289c-b0b0-466a-83e2-558e2985c29f_0003.jpg,amlodipine,train
train/amlodipine/amlodipine_14124e56-77ba-426d-8f5a-dbe42eda1a20_0056.jpg,amlodipine,train
train/amlodipine/amlodipine_55a1d22e-04ad-4475-9b05-0d534e289160_0129.jpg,amlodipine,train
train/amlodipine/amlodipine_14124e56-77ba-426d-8f5a-dbe42eda1a20_0052.jpg,amlodipine,train
train/amlodipine/amlodipine_14124e56-77ba-426d-8f5a-dbe42eda1a20_0058.jpg,amlodipine,train
train/amlodipine/amlodipine_7b5eb6bd-e953-429e-9280-07da4f7d7f47_0138.jpg,amlodipine,train
train/amlodipine/amlodipine_003dd1ec-16f8-4f96-b6a8-c4689d35892a_0032.jpg,amlodipine,train
train/amlodipine/amlodipine_47114f60-4151-43d4-ac2d-adc49492a679_0104.jpg,amlodipine,train
train/amlodipine/amlodipine_1080fcea-a5da-499d-a855-690c13559071_0043.jpg,amlodipine,train
train/amlodipine/amlodipine_5409b296-3bed-47cd-abba-9fe6f6833af6_0013.jpg,amlodipine,train
train/amlodipine/amlodipine_003dd1ec-16f8-4f96-b6a8-c4689d35892a_0027.jpg,amlodipine,train
train/amlodipine/amlodipine_003dd1ec-16f8-4f96-b6a8-c4689d35892a_0023.jpg,amlodipine,train
train/amlodipine/amlodipine_14124e56-77ba-426d-8f5a-dbe42eda1a20_0060.jpg,amlodipine,train
train/amlodipine/amlodipine_4c7b1b11-90a3-bc1c-0e45-9e2a14ef0b03_0108.jpg,amlodipine,train
train/amlodipine/amlodipine_3ad66075-0875-4703-9d21-a424b5ab892a_0087.jpg,amlodipine,train
val/amlodipine/amlodipine_968c611b-43a7-40f0-9ed3-aa67ee88364b_0148.jpg,amlodipine,val
val/amlodipine/amlodipine_2b0bcb95-dc85-46f7-8b69-ca55cd58b30e_0009.jpg,amlodipine,val
val/amlodipine/amlodipine_14124e56-77ba-426d-8f5a-dbe42eda1a20_0049.jpg,amlodipine,val
val/amlodipine/amlodipine_55a1d22e-04ad-4475-9b05-0d534e289160_0124.jpg,amlodipine,val
val/amlodipine/amlodipine_1eb78d80-701d-4766-98c3-feee6790de1a_0070.jpg,amlodipine,val
val/amlodipine/amlodipine_14124e56-77ba-426d-8f5a-dbe42eda1a20_0051.jpg,amlodipine,val
val/amlodipine/amlodipine_003dd1ec-16f8-4f96-b6a8-c4689d35892a_0035.jpg,amlodipine,val
val/amlodipine/amlodipine_2b0bcb95-dc85-46f7-8b69-ca55cd58b30e_0008.jpg,amlodipine,val
val/amlodipine/amlodipine_1080fcea-a5da-499d-a855-690c13559071_0042.jpg,amlodipine,val
val/amlodipine/amlodipine_003dd1ec-16f8-4f96-b6a8-c4689d35892a_0030.jpg,amlodipine,val
val/amlodipine/amlodipine_27b0c628-820a-48bf-a411-86c0ebd4cc8d_0076.jpg,amlodipine,val
val/amlodipine/amlodipine_003dd1ec-16f8-4f96-b6a8-c4689d35892a_0024.jpg,amlodipine,val
val/amlodipine/amlodipine_27b0c628-820a-48bf-a411-86c0ebd4cc8d_0082.jpg,amlodipine,val
val/amlodipine/amlodipine_968c611b-43a7-40f0-9ed3-aa67ee88364b_0140.jpg,amlodipine,val
val/amlodipine/amlodipine_13ecf91f-dce8-4262-a54a-7bef2b1591c3_0048.jpg,amlodipine,val
val/amlodipine/amlodipine_1080fcea-a5da-499d-a855-690c13559071_0040.jpg,amlodipine,val
val/amlodipine/amlodipine_ea774c36-e970-4d9c-9487-6cc57741fec5_0018.jpg,amlodipine,val
val/amlodipine/amlodipine_003dd1ec-16f8-4f96-b6a8-c4689d35892a_0025.jpg,amlodipine,val
val/amlodipine/amlodipine_4c7b1b11-90a3-bc1c-0e45-9e2a14ef0b03_0107.jpg,amlodipine,val
val/amlodipine/amlodipine_1080fcea-a5da-499d-a855-690c13559071_0044.jpg,amlodipine,val
val/amlodipine/amlodipine_5a0b3dd4-91f5-4173-a992-e91b1cac6a18_0133.jpg,amlodipine,val
val/amlodipine/amlodipine_41496b0d-f1ca-4e9d-e063-6394a90aec1d_0089.jpg,amlodipine,val
test/amlodipine/amlodipine_4c7b1b11-90a3-bc1c-0e45-9e2a14ef0b03_0113.jpg,amlodipine,test
test/amlodipine/amlodipine_968c611b-43a7-40f0-9ed3-aa67ee88364b_0146.jpg,amlodipine,test
test/amlodipine/amlodipine_41af64c4-b788-d827-e063-6394a90a9157_0094.jpg,amlodipine,test
test/amlodipine/amlodipine_41af64c4-b788-d827-e063-6394a90a9157_0097.jpg,amlodipine,test
test/amlodipine/amlodipine_ea774c36-e970-4d9c-9487-6cc57741fec5_0020.jpg,amlodipine,test
test/amlodipine/amlodipine_003dd1ec-16f8-4f96-b6a8-c4689d35892a_0034.jpg,amlodipine,test
test/amlodipine/amlodipine_41496b0d-f1ca-4e9d-e063-6394a90aec1d_0088.jpg,amlodipine,test
test/amlodipine/amlodipine_003dd1ec-16f8-4f96-b6a8-c4689d35892a_0031.jpg,amlodipine,test
test/amlodipine/amlodipine_27b0c628-820a-48bf-a411-86c0ebd4cc8d_0081.jpg,amlodipine,test
test/amlodipine/amlodipine_4c7b1b11-90a3-bc1c-0e45-9e2a14ef0b03_0110.jpg,amlodipine,test
test/amlodipine/amlodipine_55a1d22e-04ad-4475-9b05-0d534e289160_0125.jpg,amlodipine,test
test/amlodipine/amlodipine_7367289c-b0b0-466a-83e2-558e2985c29f_0001.jpg,amlodipine,test
test/amlodipine/amlodipine_1eb78d80-701d-4766-98c3-feee6790de1a_0071.jpg,amlodipine,test
test/amlodipine/amlodipine_41496b0d-f1ca-4e9d-e063-6394a90aec1d_0092.jpg,amlodipine,test
test/amlodipine/amlodipine_27b0c628-820a-48bf-a411-86c0ebd4cc8d_0078.jpg,amlodipine,test
test/amlodipine/amlodipine_1080fcea-a5da-499d-a855-690c13559071_0041.jpg,amlodipine,test
test/amlodipine/amlodipine_1eb78d80-701d-4766-98c3-feee6790de1a_0072.jpg,amlodipine,test
test/amlodipine/amlodipine_1080fcea-a5da-499d-a855-690c13559071_0045.jpg,amlodipine,test
test/amlodipine/amlodipine_02e233c4-48d1-456d-8fc8-f99a06ef854a_0039.jpg,amlodipine,test
test/amlodipine/amlodipine_14124e56-77ba-426d-8f5a-dbe42eda1a20_0063.jpg,amlodipine,test
test/amlodipine/amlodipine_14124e56-77ba-426d-8f5a-dbe42eda1a20_0067.jpg,amlodipine,test
test/amlodipine/amlodipine_5409b296-3bed-47cd-abba-9fe6f6833af6_0016.jpg,amlodipine,test
test/amlodipine/amlodipine_968c611b-43a7-40f0-9ed3-aa67ee88364b_0144.jpg,amlodipine,test
train/amoxicillin/amoxicillin_d0938df9-9065-47eb-9eae-0722ed1411a1_0110.jpg,amoxicillin,train
train/amoxicillin/amoxicillin_bbaeb509-ad04-4668-a1db-4358038893f2_0101.jpg,amoxicillin,train
train/amoxicillin/amoxicillin_963e7bea-ff5d-420a-9cb2-e4aefb534b33_0083.jpg,amoxicillin,train
train/amoxicillin/amoxicillin_cc445a39-d84c-4b76-9fb8-ae302e7cd96b_0105.jpg,amoxicillin,train
train/amoxicillin/amoxicillin_9015d3dc-1ab4-2582-e053-2995a90a1679_0075.jpg,amoxicillin,train
train/amoxicillin/amoxicillin_b6ea2f81-aee6-4c88-b681-50eb28e80a86_0132.jpg,amoxicillin,train
train/amoxicillin/amoxicillin_b5e66987-09e3-45b2-88ba-59c8647d724e_0100.jpg,amoxicillin,train
train/amoxicillin/amoxicillin_416fa58c-88fa-42aa-9195-74aeba641577_0046.jpg,amoxicillin,train
train/amoxicillin/amoxicillin_0425932a-f6e1-49a6-8480-720f179ace14_0027.jpg,amoxicillin,train
train/amoxicillin/amoxicillin_22a387bd-92ce-4ebc-b475-20d7750a2507_0038.jpg,amoxicillin,train
train/amoxicillin/amoxicillin_fabeca32-3f26-4b65-b8b6-5f0e23765ab0_0123.jpg,amoxicillin,train
train/amoxicillin/amoxicillin_9015d3dc-1ab4-2582-e053-2995a90a1679_0076.jpg,amoxicillin,train
train/amoxicillin/amoxicillin_bbaeb509-ad04-4668-a1db-4358038893f2_0102.jpg,amoxicillin,train
train/amoxicillin/amoxicillin_416fa58c-88fa-42aa-9195-74aeba641577_0047.jpg,amoxicillin,train
train/amoxicillin/amoxicillin_102c62ca-da20-4866-84a8-e3513824af4a_0023.jpg,amoxicillin,train
train/amoxicillin/amoxicillin_cd7d2c0c-bf58-457a-b3d1-bb4c167cd127_0106.jpg,amoxicillin,train
train/amoxicillin/amoxicillin_987786a1-d748-4b42-abb5-62a2f38ef195_0086.jpg,amoxicillin,train
train/amoxicillin/amoxicillin_4528f48d-5bda-b307-e063-6294a90a294c_0000.jpg,amoxicillin,train
train/amoxicillin/amoxicillin_22cd4e96-2288-470c-9264-8058cd7db9b0_0040.jpg,amoxicillin,train
train/amoxicillin/amoxicillin_0cb2ee04-8581-46c8-a781-7be170ab5c86_0031.jpg,amoxicillin,train
train/amoxicillin/amoxicillin_4c0f348a-a65d-409c-8668-207c82a5e3cb_0050.jpg,amoxicillin,train
train/amoxicillin/amoxicillin_720ee5cf-1962-423b-ac81-6dd4f02b9206_0068.jpg,amoxicillin,train
train/amoxicillin/amoxicillin_32906f4a-8b21-458d-b643-e6b1b0a8bb44_0044.jpg,amoxicillin,train
train/amoxicillin/amoxicillin_071086f5-e4ed-b1d9-e063-6294a90ad304_0016.jpg,amoxicillin,train
train/amoxicillin/amoxicillin_6285c4f2-c13b-49a9-e053-2991aa0a2b03_0011.jpg,amoxicillin,train
train/amoxicillin/amoxicillin_18a4f555-a537-4c40-9bb2-dc3bd782fa27_0034.jpg,amoxicillin,train
train/amoxicillin/amoxicillin_b509d0eb-fe01-4902-89ae-a0dc7f7c7f93_0014.jpg,amoxicillin,train
train/amoxicillin/amoxicillin_963e7bea-ff5d-420a-9cb2-e4aefb534b33_0084.jpg,amoxicillin,train
train/amoxicillin/amoxicillin_924a9ef6-5e3d-4e78-ae97-ae090f6613c0_0137.jpg,amoxicillin,train
train/amoxicillin/amoxicillin_eef98beb-57d9-448a-b89c-6acd6f7b443e_0119.jpg,amoxicillin,train
train/amoxicillin/amoxicillin_f37eb415-77b2-41b0-8d20-64e821e4b05d_0146.jpg,amoxicillin,train
train/amoxicillin/amoxicillin_fabeca32-3f26-4b65-b8b6-5f0e23765ab0_0121.jpg,amoxicillin,train
train/amoxicillin/amoxicillin_cc445a39-d84c-4b76-9fb8-ae302e7cd96b_0104.jpg,amoxicillin,train
train/amoxicillin/amoxicillin_d0938df9-9065-47eb-9eae-0722ed1411a1_0111.jpg,amoxicillin,train
train/amoxicillin/amoxicillin_4aaa212d-34fc-4d6b-a08f-b4648b403b09_0049.jpg,amoxicillin,train
train/amoxicillin/amoxicillin_2732a8c7-9e4b-43c9-9712-df4b237ab69c_0007.jpg,amoxicillin,train
train/amoxicillin/amoxicillin_e5b0770d-1301-498e-a4ed-41874d7bf225_0143.jpg,amoxicillin,train
train/amoxicillin/amoxicillin_fc31a5df-aa1c-4b0f-8c64-a14236df4a02_0128.jpg,amoxicillin,train
train/amoxicillin/amoxicillin_039d2677-b04f-436c-e063-6294a90ac519_0024.jpg,amoxicillin,train
train/amoxicillin/amoxicillin_cd7d2c0c-bf58-457a-b3d1-bb4c167cd127_0108.jpg,amoxicillin,train
train/amoxicillin/amoxicillin_b397d4be-d2ef-419a-98ac-844069c99d56_0096.jpg,amoxicillin,train
train/amoxicillin/amoxicillin_8e6f9df1-0754-69e4-e053-2a95a90acc49_0005.jpg,amoxicillin,train
train/amoxicillin/amoxicillin_102c62ca-da20-4866-84a8-e3513824af4a_0017.jpg,amoxicillin,train
train/amoxicillin/amoxicillin_77b82fac-3f6e-44c9-8dcc-362f01ad7a4b_0069.jpg,amoxicillin,train
train/amoxicillin/amoxicillin_d23b6952-5e4c-4103-9fe0-a916b1e2e1b9_0113.jpg,amoxicillin,train
train/amoxicillin/amoxicillin_e5b0770d-1301-498e-a4ed-41874d7bf225_0138.jpg,amoxicillin,train
train/amoxicillin/amoxicillin_4c0f348a-a65d-409c-8668-207c82a5e3cb_0059.jpg,amoxicillin,train
train/amoxicillin/amoxicillin_3a4afd36-dffa-44a1-9d09-e93cf66053bf_0148.jpg,amoxicillin,train
train/amoxicillin/amoxicillin_b04330a0-2b8d-4cf9-a08e-19007d1001ad_0094.jpg,amoxicillin,train
train/amoxicillin/amoxicillin_d23b6952-5e4c-4103-9fe0-a916b1e2e1b9_0114.jpg,amoxicillin,train
train/amoxicillin/amoxicillin_eef98beb-57d9-448a-b89c-6acd6f7b443e_0118.jpg,amoxicillin,train
train/amoxicillin/amoxicillin_3a4afd36-dffa-44a1-9d09-e93cf66053bf_0149.jpg,amoxicillin,train
train/amoxicillin/amoxicillin_963e7bea-ff5d-420a-9cb2-e4aefb534b33_0085.jpg,amoxicillin,train
train/amoxicillin/amoxicillin_b5e66987-09e3-45b2-88ba-59c8647d724e_0098.jpg,amoxicillin,train
train/amoxicillin/amoxicillin_b509d0eb-fe01-4902-89ae-a0dc7f7c7f93_0013.jpg,amoxicillin,train
train/amoxicillin/amoxicillin_e340b67b-332e-4e0c-aebf-ad4872dc5ed4_0116.jpg,amoxicillin,train
train/amoxicillin/amoxicillin_b04330a0-2b8d-4cf9-a08e-19007d1001ad_0095.jpg,amoxicillin,train
train/amoxicillin/amoxicillin_b6ea2f81-aee6-4c88-b681-50eb28e80a86_0134.jpg,amoxicillin,train
train/amoxicillin/amoxicillin_aa15e6f6-1eb1-41ab-b3cb-bf24d09fc882_0090.jpg,amoxicillin,train
train/amoxicillin/amoxicillin_aa15e6f6-1eb1-41ab-b3cb-bf24d09fc882_0092.jpg,amoxicillin,train
train/amoxicillin/amoxicillin_fc31a5df-aa1c-4b0f-8c64-a14236df4a02_0127.jpg,amoxicillin,train
train/amoxicillin/amoxicillin_cd7d2c0c-bf58-457a-b3d1-bb4c167cd127_0107.jpg,amoxicillin,train
train/amoxicillin/amoxicillin_704e99b1-c14a-40bf-adbd-c2794fa92c72_0130.jpg,amoxicillin,train
train/amoxicillin/amoxicillin_416fa58c-88fa-42aa-9195-74aeba641577_0045.jpg,amoxicillin,train
train/amoxicillin/amoxicillin_22cd4e96-2288-470c-9264-8058cd7db9b0_0039.jpg,amoxicillin,train
train/amoxicillin/amoxicillin_fabeca32-3f26-4b65-b8b6-5f0e23765ab0_0125.jpg,amoxicillin,train
train/amoxicillin/amoxicillin_575f97d5-ea44-481f-977d-7a28300b2a5f_0003.jpg,amoxicillin,train
train/amoxicillin/amoxicillin_704e99b1-c14a-40bf-adbd-c2794fa92c72_0129.jpg,amoxicillin,train
train/amoxicillin/amoxicillin_6285c4f2-c13b-49a9-e053-2991aa0a2b03_0012.jpg,amoxicillin,train
train/amoxicillin/amoxicillin_4c0f348a-a65d-409c-8668-207c82a5e3cb_0053.jpg,amoxicillin,train
train/amoxicillin/amoxicillin_52ab3500-d088-4693-acea-9b83c0843f66_0061.jpg,amoxicillin,train
train/amoxicillin/amoxicillin_102c62ca-da20-4866-84a8-e3513824af4a_0021.jpg,amoxicillin,train
train/amoxicillin/amoxicillin_fabeca32-3f26-4b65-b8b6-5f0e23765ab0_0124.jpg,amoxicillin,train
train/amoxicillin/amoxicillin_eef98beb-57d9-448a-b89c-6acd6f7b443e_0120.jpg,amoxicillin,train
train/amoxicillin/amoxicillin_22a387bd-92ce-4ebc-b475-20d7750a2507_0037.jpg,amoxicillin,train
train/amoxicillin/amoxicillin_4c0f348a-a65d-409c-8668-207c82a5e3cb_0055.jpg,amoxicillin,train
train/amoxicillin/amoxicillin_b5e66987-09e3-45b2-88ba-59c8647d724e_0099.jpg,amoxicillin,train
train/amoxicillin/amoxicillin_4c0f348a-a65d-409c-8668-207c82a5e3cb_0054.jpg,amoxicillin,train
train/amoxicillin/amoxicillin_52ab3500-d088-4693-acea-9b83c0843f66_0060.jpg,amoxicillin,train
train/amoxicillin/amoxicillin_b6ea2f81-aee6-4c88-b681-50eb28e80a86_0133.jpg,amoxicillin,train
train/amoxicillin/amoxicillin_22a387bd-92ce-4ebc-b475-20d7750a2507_0036.jpg,amoxicillin,train
train/amoxicillin/amoxicillin_924a9ef6-5e3d-4e78-ae97-ae090f6613c0_0136.jpg,amoxicillin,train
train/amoxicillin/amoxicillin_81fe142e-a163-4632-93fb-7cd8d80c50bd_0008.jpg,amoxicillin,train
train/amoxicillin/amoxicillin_2732a8c7-9e4b-43c9-9712-df4b237ab69c_0006.jpg,amoxicillin,train
train/amoxicillin/amoxicillin_987786a1-d748-4b42-abb5-62a2f38ef195_0087.jpg,amoxicillin,train
train/amoxicillin/amoxicillin_0425932a-f6e1-49a6-8480-720f179ace14_0028.jpg,amoxicillin,train
train/amoxicillin/amoxicillin_102c62ca-da20-4866-84a8-e3513824af4a_0019.jpg,amoxicillin,train
train/amoxicillin/amoxicillin_6285c4f2-c13b-49a9-e053-2991aa0a2b03_0010.jpg,amoxicillin,train
train/amoxicillin/amoxicillin_4528f48d-5bda-b307-e063-6294a90a294c_0001.jpg,amoxicillin,train
train/amoxicillin/amoxicillin_aa15e6f6-1eb1-41ab-b3cb-bf24d09fc882_0091.jpg,amoxicillin,train
train/amoxicillin/amoxicillin_32906f4a-8b21-458d-b643-e6b1b0a8bb44_0043.jpg,amoxicillin,train
train/amoxicillin/amoxicillin_96057ce7-9516-4239-9974-5e9691b44c9b_0078.jpg,amoxicillin,train
train/amoxicillin/amoxicillin_963e7bea-ff5d-420a-9cb2-e4aefb534b33_0082.jpg,amoxicillin,train
train/amoxicillin/amoxicillin_8e6f9df1-0754-69e4-e053-2a95a90acc49_0004.jpg,amoxicillin,train
train/amoxicillin/amoxicillin_e5b0770d-1301-498e-a4ed-41874d7bf225_0141.jpg,amoxicillin,train
train/amoxicillin/amoxicillin_e5b0770d-1301-498e-a4ed-41874d7bf225_0139.jpg,amoxicillin,train
train/amoxicillin/amoxicillin_f37eb415-77b2-41b0-8d20-64e821e4b05d_0145.jpg,amoxicillin,train
train/amoxicillin/amoxicillin_96057ce7-9516-4239-9974-5e9691b44c9b_0079.jpg,amoxicillin,train
train/amoxicillin/amoxicillin_0cb2ee04-8581-46c8-a781-7be170ab5c86_0029.jpg,amoxicillin,train
train/amoxicillin/amoxicillin_720ee5cf-1962-423b-ac81-6dd4f02b9206_0066.jpg,amoxicillin,train
train/amoxicillin/amoxicillin_575f97d5-ea44-481f-977d-7a28300b2a5f_0002.jpg,amoxicillin,train
train/amoxicillin/amoxicillin_32906f4a-8b21-458d-b643-e6b1b0a8bb44_0042.jpg,amoxicillin,train
train/amoxicillin/amoxicillin_56fb634c-3725-4d0a-8f20-584652a1d99f_0065.jpg,amoxicillin,train
train/amoxicillin/amoxicillin_77b82fac-3f6e-44c9-8dcc-362f01ad7a4b_0072.jpg,amoxicillin,train
train/amoxicillin/amoxicillin_22cd4e96-2288-470c-9264-8058cd7db9b0_0041.jpg,amoxicillin,train
val/amoxicillin/amoxicillin_102c62ca-da20-4866-84a8-e3513824af4a_0018.jpg,amoxicillin,val
val/amoxicillin/amoxicillin_704e99b1-c14a-40bf-adbd-c2794fa92c72_0131.jpg,amoxicillin,val
val/amoxicillin/amoxicillin_cd7d2c0c-bf58-457a-b3d1-bb4c167cd127_0109.jpg,amoxicillin,val
val/amoxicillin/amoxicillin_102c62ca-da20-4866-84a8-e3513824af4a_0022.jpg,amoxicillin,val
val/amoxicillin/amoxicillin_56fb634c-3725-4d0a-8f20-584652a1d99f_0064.jpg,amoxicillin,val
val/amoxicillin/amoxicillin_0cb2ee04-8581-46c8-a781-7be170ab5c86_0030.jpg,amoxicillin,val
val/amoxicillin/amoxicillin_4c0f348a-a65d-409c-8668-207c82a5e3cb_0051.jpg,amoxicillin,val
val/amoxicillin/amoxicillin_fabeca32-3f26-4b65-b8b6-5f0e23765ab0_0122.jpg,amoxicillin,val
val/amoxicillin/amoxicillin_963e7bea-ff5d-420a-9cb2-e4aefb534b33_0081.jpg,amoxicillin,val
val/amoxicillin/amoxicillin_98e9274c-c02e-44d9-8cc5-17536ef03a77_0088.jpg,amoxicillin,val
val/amoxicillin/amoxicillin_d23b6952-5e4c-4103-9fe0-a916b1e2e1b9_0112.jpg,amoxicillin,val
val/amoxicillin/amoxicillin_77b82fac-3f6e-44c9-8dcc-362f01ad7a4b_0071.jpg,amoxicillin,val
val/amoxicillin/amoxicillin_4c0f348a-a65d-409c-8668-207c82a5e3cb_0052.jpg,amoxicillin,val
val/amoxicillin/amoxicillin_b04330a0-2b8d-4cf9-a08e-19007d1001ad_0093.jpg,amoxicillin,val
val/amoxicillin/amoxicillin_e5b0770d-1301-498e-a4ed-41874d7bf225_0142.jpg,amoxicillin,val
val/amoxicillin/amoxicillin_9015d3dc-1ab4-2582-e053-2995a90a1679_0077.jpg,amoxicillin,val
val/amoxicillin/amoxicillin_b397d4be-d2ef-419a-98ac-844069c99d56_0097.jpg,amoxicillin,val
val/amoxicillin/amoxicillin_4aaa212d-34fc-4d6b-a08f-b4648b403b09_0048.jpg,amoxicillin,val
val/amoxicillin/amoxicillin_e5b0770d-1301-498e-a4ed-41874d7bf225_0140.jpg,amoxicillin,val
val/amoxicillin/amoxicillin_77b82fac-3f6e-44c9-8dcc-362f01ad7a4b_0070.jpg,amoxicillin,val
val/amoxicillin/amoxicillin_52ab3500-d088-4693-acea-9b83c0843f66_0062.jpg,amoxicillin,val
val/amoxicillin/amoxicillin_e5b0770d-1301-498e-a4ed-41874d7bf225_0144.jpg,amoxicillin,val
test/amoxicillin/amoxicillin_77b82fac-3f6e-44c9-8dcc-362f01ad7a4b_0073.jpg,amoxicillin,test
test/amoxicillin/amoxicillin_4c0f348a-a65d-409c-8668-207c82a5e3cb_0056.jpg,amoxicillin,test
test/amoxicillin/amoxicillin_924a9ef6-5e3d-4e78-ae97-ae090f6613c0_0135.jpg,amoxicillin,test
test/amoxicillin/amoxicillin_18a4f555-a537-4c40-9bb2-dc3bd782fa27_0035.jpg,amoxicillin,test
test/amoxicillin/amoxicillin_963e7bea-ff5d-420a-9cb2-e4aefb534b33_0080.jpg,amoxicillin,test
test/amoxicillin/amoxicillin_4c0f348a-a65d-409c-8668-207c82a5e3cb_0057.jpg,amoxicillin,test
test/amoxicillin/amoxicillin_0cb2ee04-8581-46c8-a781-7be170ab5c86_0033.jpg,amoxicillin,test
test/amoxicillin/amoxicillin_720ee5cf-1962-423b-ac81-6dd4f02b9206_0067.jpg,amoxicillin,test
test/amoxicillin/amoxicillin_4c0f348a-a65d-409c-8668-207c82a5e3cb_0058.jpg,amoxicillin,test
test/amoxicillin/amoxicillin_e340b67b-332e-4e0c-aebf-ad4872dc5ed4_0115.jpg,amoxicillin,test
test/amoxicillin/amoxicillin_b509d0eb-fe01-4902-89ae-a0dc7f7c7f93_0015.jpg,amoxicillin,test
test/amoxicillin/amoxicillin_102c62ca-da20-4866-84a8-e3513824af4a_0020.jpg,amoxicillin,test
test/amoxicillin/amoxicillin_fc31a5df-aa1c-4b0f-8c64-a14236df4a02_0126.jpg,amoxicillin,test
test/amoxicillin/amoxicillin_77b82fac-3f6e-44c9-8dcc-362f01ad7a4b_0074.jpg,amoxicillin,test
test/amoxicillin/amoxicillin_039d2677-b04f-436c-e063-6294a90ac519_0025.jpg,amoxicillin,test
test/amoxicillin/amoxicillin_0cb2ee04-8581-46c8-a781-7be170ab5c86_0032.jpg,amoxicillin,test
test/amoxicillin/amoxicillin_81fe142e-a163-4632-93fb-7cd8d80c50bd_0009.jpg,amoxicillin,test
test/amoxicillin/amoxicillin_e340b67b-332e-4e0c-aebf-ad4872dc5ed4_0117.jpg,amoxicillin,test
test/amoxicillin/amoxicillin_f37eb415-77b2-41b0-8d20-64e821e4b05d_0147.jpg,amoxicillin,test
test/amoxicillin/amoxicillin_56fb634c-3725-4d0a-8f20-584652a1d99f_0063.jpg,amoxicillin,test
test/amoxicillin/amoxicillin_0425932a-f6e1-49a6-8480-720f179ace14_0026.jpg,amoxicillin,test
test/amoxicillin/amoxicillin_98e9274c-c02e-44d9-8cc5-17536ef03a77_0089.jpg,amoxicillin,test
test/amoxicillin/amoxicillin_cc445a39-d84c-4b76-9fb8-ae302e7cd96b_0103.jpg,amoxicillin,test
train/aspirin/aspirin_f1fecbb0-5b55-fe8f-e053-2995a90a0977_0024.jpg,aspirin,train
train/aspirin/aspirin_0e5e3842-fc6c-4a24-8e5c-522701f7c291_0068.jpg,aspirin,train
train/aspirin/aspirin_e05140fa-9766-4f97-bffc-e36a01b9d38f_0011.jpg,aspirin,train
train/aspirin/aspirin_e69d8bb1-ba09-42e2-8372-7f5e0a906174_0014.jpg,aspirin,train
train/aspirin/aspirin_e51fc0d6-9b32-478c-bab7-328013e692b0_0045.jpg,aspirin,train
train/aspirin/aspirin_58d78805-3e8c-4859-b2e0-e3089f925280_0124.jpg,aspirin,train
train/aspirin/aspirin_1557bd9b-3e7c-4769-e063-6394a90a9d91_0083.jpg,aspirin,train
train/aspirin/aspirin_c55304be-bfc0-46a8-a37e-2e6ba9098394_0076.jpg,aspirin,train
train/aspirin/aspirin_1754a9f2-e7e5-4efb-a728-6ba2a7155d11_0084.jpg,aspirin,train
train/aspirin/aspirin_510f35bb-a439-4ee5-9111-166a3b240cc1_0110.jpg,aspirin,train
train/aspirin/aspirin_ed9a71d6-a56e-416a-bb89-6d41307efc5a_0062.jpg,aspirin,train
train/aspirin/aspirin_070d5713-e018-2913-e054-00144ff8d46c_0026.jpg,aspirin,train
train/aspirin/aspirin_bd49121c-7cba-c51f-e053-2995a90a921e_0040.jpg,aspirin,train
train/aspirin/aspirin_3165b0a3-556b-6abe-e063-6394a90a7682_0019.jpg,aspirin,train
train/aspirin/aspirin_d21a68ad-981b-b4f9-e053-2995a90a358b_0051.jpg,aspirin,train
train/aspirin/aspirin_44a08904-68b9-4d06-a28d-21aae3d6140c_0030.jpg,aspirin,train
train/aspirin/aspirin_0c6ae05f-7634-34d1-e054-00144ff88e88_0029.jpg,aspirin,train
train/aspirin/aspirin_e69d8bb1-ba09-42e2-8372-7f5e0a906174_0015.jpg,aspirin,train
train/aspirin/aspirin_c0a92873-0914-6a86-e053-2995a90ac41c_0041.jpg,aspirin,train
train/aspirin/aspirin_0b0067e0-58b0-4581-aa4b-e398c32c559a_0079.jpg,aspirin,train
train/aspirin/aspirin_c9e384e5-fa9b-4c75-b5e3-16eb8db662ef_0077.jpg,aspirin,train
train/aspirin/aspirin_e9534a13-ee8f-470f-8dd1-8ef0ce68526a_0056.jpg,aspirin,train
train/aspirin/aspirin_58d78805-3e8c-4859-b2e0-e3089f925280_0120.jpg,aspirin,train
train/aspirin/aspirin_a37c9d9d-52db-23ff-e053-2995a90a8f76_0039.jpg,aspirin,train
train/aspirin/aspirin_8bc75bcf-01c9-41d0-a96f-77a24e3edf01_0060.jpg,aspirin,train
train/aspirin/aspirin_58d78805-3e8c-4859-b2e0-e3089f925280_0127.jpg,aspirin,train
train/aspirin/aspirin_3c7883da-6f51-4716-b012-0e33d239a60e_0073.jpg,aspirin,train
train/aspirin/aspirin_58d78805-3e8c-4859-b2e0-e3089f925280_0117.jpg,aspirin,train
train/aspirin/aspirin_58d78805-3e8c-4859-b2e0-e3089f925280_0130.jpg,aspirin,train
train/aspirin/aspirin_3e602287-565e-a5b9-e063-6294a90abc17_0104.jpg,aspirin,train
train/aspirin/aspirin_907c89e7-2482-465f-9f85-2381ecab1b86_0075.jpg,aspirin,train
train/aspirin/aspirin_b670a898-2360-76e2-e053-2a95a90a3380_0065.jpg,aspirin,train
train/aspirin/aspirin_58d78805-3e8c-4859-b2e0-e3089f925280_0114.jpg,aspirin,train
train/aspirin/aspirin_23daa359-d40f-4f64-81be-6d154f41df9f_0071.jpg,aspirin,train
train/aspirin/aspirin_5b5c2fd2-7ebf-4970-af68-3bef9ccddf91_0053.jpg,aspirin,train
train/aspirin/aspirin_e5ea9e50-2b4b-1070-e053-2a95a90abba6_0022.jpg,aspirin,train
train/aspirin/aspirin_31212c97-9975-427e-bc3d-f7125f30299a_0094.jpg,aspirin,train
train/aspirin/aspirin_5be36a7f-7d1f-468d-9c29-92c8cd3ef1bc_0034.jpg,aspirin,train
train/aspirin/aspirin_85a3b808-b476-f2f0-e053-2a91aa0af21f_0008.jpg,aspirin,train
train/aspirin/aspirin_75862805-2cfe-fb45-e053-2991aa0a1403_0035.jpg,aspirin,train
train/aspirin/aspirin_7f0f8b3c-c226-4a3a-af46-a708f345e4f5_0005.jpg,aspirin,train
train/aspirin/aspirin_58d78805-3e8c-4859-b2e0-e3089f925280_0125.jpg,aspirin,train
train/aspirin/aspirin_39e142a7-8590-4e1e-8319-6904fb57cc8a_0100.jpg,aspirin,train
train/aspirin/aspirin_04f2c3ed-4bcf-4b6a-b8fb-0aa6ecb3dca2_0025.jpg,aspirin,train
train/aspirin/aspirin_531ab703-179a-70ad-e054-00144ff88e88_0033.jpg,aspirin,train
train/aspirin/aspirin_3a85be2d-6548-4de5-8109-60e1ca2bfca3_0103.jpg,aspirin,train
train/aspirin/aspirin_ea4cf2d5-477c-4c3f-b50c-f695a9b38be8_0066.jpg,aspirin,train
train/aspirin/aspirin_8b2a1a27-ee41-4960-87ee-aaca181ce8d2_0050.jpg,aspirin,train
train/aspirin/aspirin_58d78805-3e8c-4859-b2e0-e3089f925280_0119.jpg,aspirin,train
train/aspirin/aspirin_1557bd9b-3e7c-4769-e063-6394a90a9d91_0081.jpg,aspirin,train
train/aspirin/aspirin_85a3b808-b476-f2f0-e053-2a91aa0af21f_0009.jpg,aspirin,train
train/aspirin/aspirin_e9534a13-ee8f-470f-8dd1-8ef0ce68526a_0055.jpg,aspirin,train
train/aspirin/aspirin_35005045-57b2-4ffe-ab70-22d570c1b161_0061.jpg,aspirin,train
train/aspirin/aspirin_2bacffd1-4870-73af-e063-6294a90a19c8_0049.jpg,aspirin,train
train/aspirin/aspirin_a2b30c27-b836-f09f-e053-2995a90ac383_0038.jpg,aspirin,train
train/aspirin/aspirin_7f0f8b3c-c226-4a3a-af46-a708f345e4f5_0004.jpg,aspirin,train
train/aspirin/aspirin_e9534a13-ee8f-470f-8dd1-8ef0ce68526a_0059.jpg,aspirin,train
train/aspirin/aspirin_75894849-a0ba-57be-e053-2a91aa0a049a_0021.jpg,aspirin,train
train/aspirin/aspirin_3165b0a3-556b-6abe-e063-6394a90a7682_0018.jpg,aspirin,train
train/aspirin/aspirin_31212c97-9975-427e-bc3d-f7125f30299a_0095.jpg,aspirin,train
train/aspirin/aspirin_54e4ae54-caf8-4105-8428-256f56a2f68f_0064.jpg,aspirin,train
train/aspirin/aspirin_7f0f8b3c-c226-4a3a-af46-a708f345e4f5_0003.jpg,aspirin,train
train/aspirin/aspirin_0f2aa75e-534f-478b-811e-fb492b7af9bb_0048.jpg,aspirin,train
train/aspirin/aspirin_d7711cd6-5058-548d-e053-2a95a90ac54d_0043.jpg,aspirin,train
train/aspirin/aspirin_58d78805-3e8c-4859-b2e0-e3089f925280_0129.jpg,aspirin,train
train/aspirin/aspirin_4138d4c0-baa5-1f20-e063-6394a90a788f_0107.jpg,aspirin,train
train/aspirin/aspirin_fc60af2f-83cb-99ea-e053-6394a90a0b3b_0046.jpg,aspirin,train
train/aspirin/aspirin_3802c96a-5e2a-ba9c-e063-6394a90abb78_0063.jpg,aspirin,train
train/aspirin/aspirin_1557bd9b-3e7c-4769-e063-6394a90a9d91_0082.jpg,aspirin,train
train/aspirin/aspirin_58d78805-3e8c-4859-b2e0-e3089f925280_0112.jpg,aspirin,train
train/aspirin/aspirin_58d78805-3e8c-4859-b2e0-e3089f925280_0123.jpg,aspirin,train
train/aspirin/aspirin_c2232241-6e57-1427-e053-2995a90a488a_0042.jpg,aspirin,train
train/aspirin/aspirin_31212c97-9975-427e-bc3d-f7125f30299a_0096.jpg,aspirin,train
train/aspirin/aspirin_dd7d8a8c-0f91-5ef1-e053-2a95a90a3c6a_0044.jpg,aspirin,train
train/aspirin/aspirin_7f0f8b3c-c226-4a3a-af46-a708f345e4f5_0002.jpg,aspirin,train
train/aspirin/aspirin_fc60af2f-83cb-99ea-e053-6394a90a0b3b_0047.jpg,aspirin,train
train/aspirin/aspirin_4138d4c0-baa5-1f20-e063-6394a90a788f_0108.jpg,aspirin,train
train/aspirin/aspirin_0e5e3842-fc6c-4a24-8e5c-522701f7c291_0067.jpg,aspirin,train
train/aspirin/aspirin_2777beea-06d7-4ff5-ae4a-ad7a117dfb62_0001.jpg,aspirin,train
train/aspirin/aspirin_58d78805-3e8c-4859-b2e0-e3089f925280_0126.jpg,aspirin,train
train/aspirin/aspirin_0e5e3842-fc6c-4a24-8e5c-522701f7c291_0070.jpg,aspirin,train
train/aspirin/aspirin_226173d4-b6d5-4fe6-b24e-1cc5d1b31c88_0092.jpg,aspirin,train
train/aspirin/aspirin_58a371d4-1f00-4fda-8e08-80610c58505a_0052.jpg,aspirin,train
train/aspirin/aspirin_075b103e-0bb4-4b7a-ac0e-5645bcbd0a07_0027.jpg,aspirin,train
train/aspirin/aspirin_e9534a13-ee8f-470f-8dd1-8ef0ce68526a_0057.jpg,aspirin,train
train/aspirin/aspirin_1e2a07ab-23e6-49b4-a676-212dc6880f14_0089.jpg,aspirin,train
train/aspirin/aspirin_36cb530b-25b2-4f62-a25d-aa04360815a8_0098.jpg,aspirin,train
train/aspirin/aspirin_e69d8bb1-ba09-42e2-8372-7f5e0a906174_0013.jpg,aspirin,train
train/aspirin/aspirin_41386de5-5857-efab-e063-6294a90afd9c_0106.jpg,aspirin,train
train/aspirin/aspirin_53188c41-3f13-311b-e054-00144ff88e88_0032.jpg,aspirin,train
train/aspirin/aspirin_3a85be2d-6548-4de5-8109-60e1ca2bfca3_0101.jpg,aspirin,train
train/aspirin/aspirin_58d78805-3e8c-4859-b2e0-e3089f925280_0115.jpg,aspirin,train
val/aspirin/aspirin_e69d8bb1-ba09-42e2-8372-7f5e0a906174_0012.jpg,aspirin,val
val/aspirin/aspirin_36cb530b-25b2-4f62-a25d-aa04360815a8_0099.jpg,aspirin,val
val/aspirin/aspirin_75894849-a0ba-57be-e053-2a91aa0a049a_0020.jpg,aspirin,val
val/aspirin/aspirin_58d78805-3e8c-4859-b2e0-e3089f925280_0131.jpg,aspirin,val
val/aspirin/aspirin_1b443037-7c01-4f9d-922d-93612aede8f7_0086.jpg,aspirin,val
val/aspirin/aspirin_58d78805-3e8c-4859-b2e0-e3089f925280_0111.jpg,aspirin,val
val/aspirin/aspirin_49b73bd5-6465-05eb-e054-00144ff88e88_0031.jpg,aspirin,val
val/aspirin/aspirin_226173d4-b6d5-4fe6-b24e-1cc5d1b31c88_0090.jpg,aspirin,val
val/aspirin/aspirin_3b84746f-05ab-4f88-b9ae-efb8c5dfc233_0072.jpg,aspirin,val
val/aspirin/aspirin_1e2a07ab-23e6-49b4-a676-212dc6880f14_0088.jpg,aspirin,val
val/aspirin/aspirin_da05a1a1-35b4-4787-8c56-12e369f18ff0_0054.jpg,aspirin,val
val/aspirin/aspirin_7588ea67-68a9-4dc0-e053-2991aa0aa471_0036.jpg,aspirin,val
val/aspirin/aspirin_58d78805-3e8c-4859-b2e0-e3089f925280_0128.jpg,aspirin,val
val/aspirin/aspirin_58d78805-3e8c-4859-b2e0-e3089f925280_0118.jpg,aspirin,val
val/aspirin/aspirin_226173d4-b6d5-4fe6-b24e-1cc5d1b31c88_0091.jpg,aspirin,val
val/aspirin/aspirin_58d78805-3e8c-4859-b2e0-e3089f925280_0113.jpg,aspirin,val
val/aspirin/aspirin_7f0f8b3c-c226-4a3a-af46-a708f345e4f5_0006.jpg,aspirin,val
val/aspirin/aspirin_dbb0d067-71f0-45e4-bc98-548cf4a90b3a_0078.jpg,aspirin,val
val/aspirin/aspirin_0b0067e0-58b0-4581-aa4b-e398c32c559a_0080.jpg,aspirin,val
test/aspirin/aspirin_e5ea9e50-2b4b-1070-e053-2a95a90abba6_0023.jpg,aspirin,test
test/aspirin/aspirin_41386de5-5857-efab-e063-6294a90afd9c_0105.jpg,aspirin,test
test/aspirin/aspirin_85a3b808-b476-f2f0-e053-2a91aa0af21f_0010.jpg,aspirin,test
test/aspirin/aspirin_226173d4-b6d5-4fe6-b24e-1cc5d1b31c88_0093.jpg,aspirin,test
test/aspirin/aspirin_e9534a13-ee8f-470f-8dd1-8ef0ce68526a_0058.jpg,aspirin,test
test/aspirin/aspirin_58d78805-3e8c-4859-b2e0-e3089f925280_0116.jpg,aspirin,test
test/aspirin/aspirin_50f72713-50f5-4bab-9e96-b9fa73c9df1f_0109.jpg,aspirin,test
test/aspirin/aspirin_58d78805-3e8c-4859-b2e0-e3089f925280_0122.jpg,aspirin,test
test/aspirin/aspirin_1e2a07ab-23e6-49b4-a676-212dc6880f14_0087.jpg,aspirin,test
test/aspirin/aspirin_85a3b808-b476-f2f0-e053-2a91aa0af21f_0007.jpg,aspirin,test
test/aspirin/aspirin_78537dcf-b157-4b67-a8b2-5cb144815166_0037.jpg,aspirin,test
test/aspirin/aspirin_58d78805-3e8c-4859-b2e0-e3089f925280_0121.jpg,aspirin,test
test/aspirin/aspirin_19c7f832-d7ec-4dcc-8aa4-f4cbf64c9ff6_0085.jpg,aspirin,test
test/aspirin/aspirin_0ae64cdb-4ea0-23af-e054-00144ff88e88_0028.jpg,aspirin,test
test/aspirin/aspirin_0e5e3842-fc6c-4a24-8e5c-522701f7c291_0069.jpg,aspirin,test
test/aspirin/aspirin_437e4fd9-c7d9-77d6-e063-6294a90a22b7_0074.jpg,aspirin,test
test/aspirin/aspirin_18b79449-5c4c-41ce-9609-80f5efa0375c_0000.jpg,aspirin,test
test/aspirin/aspirin_3165b0a3-556b-6abe-e063-6394a90a7682_0017.jpg,aspirin,test
test/aspirin/aspirin_45381b1c-2acd-1524-e063-6394a90a83d9_0016.jpg,aspirin,test
test/aspirin/aspirin_3a85be2d-6548-4de5-8109-60e1ca2bfca3_0102.jpg,aspirin,test
test/aspirin/aspirin_36503181-0fda-4127-b3f0-bdb1b56bb0ed_0097.jpg,aspirin,test
train/atorvastatin/atorvastatin_4c7b1b11-90a3-bc1c-0e45-9e2a14ef0b03_0099.jpg,atorvastatin,train
train/atorvastatin/atorvastatin_14124e56-77ba-426d-8f5a-dbe42eda1a20_0056.jpg,atorvastatin,train
train/atorvastatin/atorvastatin_14124e56-77ba-426d-8f5a-dbe42eda1a20_0048.jpg,atorvastatin,train
train/atorvastatin/atorvastatin_4c7b1b11-90a3-bc1c-0e45-9e2a14ef0b03_0107.jpg,atorvastatin,train
train/atorvastatin/atorvastatin_4c7b1b11-90a3-bc1c-0e45-9e2a14ef0b03_0098.jpg,atorvastatin,train
train/atorvastatin/atorvastatin_271409d0-5500-4ed0-8730-5a93226a2191_0077.jpg,atorvastatin,train
train/atorvastatin/atorvastatin_4e06b20d-cc5d-46eb-991b-5972248de3af_0116.jpg,atorvastatin,train
train/atorvastatin/atorvastatin_06abf2dc-5ebd-4d42-b43c-7deeb93925dd_0009.jpg,atorvastatin,train
train/atorvastatin/atorvastatin_635addf1-2024-4675-8d3c-380dc4548fbd_0132.jpg,atorvastatin,train
train/atorvastatin/atorvastatin_4344f574-9b86-7ae5-e063-6294a90a79e8_0085.jpg,atorvastatin,train
train/atorvastatin/atorvastatin_7353f9ef-6f79-4522-886a-7a8ae4eb867e_0141.jpg,atorvastatin,train
train/atorvastatin/atorvastatin_14124e56-77ba-426d-8f5a-dbe42eda1a20_0058.jpg,atorvastatin,train
train/atorvastatin/atorvastatin_4c7b1b11-90a3-bc1c-0e45-9e2a14ef0b03_0105.jpg,atorvastatin,train
train/atorvastatin/atorvastatin_811e6733-fa82-4b41-b426-fe24aa70e601_0014.jpg,atorvastatin,train
train/atorvastatin/atorvastatin_635addf1-2024-4675-8d3c-380dc4548fbd_0130.jpg,atorvastatin,train
train/atorvastatin/atorvastatin_811e6733-fa82-4b41-b426-fe24aa70e601_0017.jpg,atorvastatin,train
train/atorvastatin/atorvastatin_66df5c0b-be89-4fc7-8f8d-c7689952c662_0135.jpg,atorvastatin,train
train/atorvastatin/atorvastatin_4c7b1b11-90a3-bc1c-0e45-9e2a14ef0b03_0108.jpg,atorvastatin,train
train/atorvastatin/atorvastatin_7353f9ef-6f79-4522-886a-7a8ae4eb867e_0144.jpg,atorvastatin,train
train/atorvastatin/atorvastatin_811e6733-fa82-4b41-b426-fe24aa70e601_0013.jpg,atorvastatin,train
train/atorvastatin/atorvastatin_14124e56-77ba-426d-8f5a-dbe42eda1a20_0057.jpg,atorvastatin,train
train/atorvastatin/atorvastatin_173474b6-26b4-46f2-a12a-64753ae5e905_0073.jpg,atorvastatin,train
train/atorvastatin/atorvastatin_aee307d6-b3fa-424f-8656-1f30ff413e95_0046.jpg,atorvastatin,train
train/atorvastatin/atorvastatin_25c8f92f-9cb6-482b-82e1-16ad7c94e7b3_0039.jpg,atorvastatin,train
train/atorvastatin/atorvastatin_7bd0f0ec-f7a3-4403-9a1a-11f18213631f_0018.jpg,atorvastatin,train
train/atorvastatin/atorvastatin_4c7b1b11-90a3-bc1c-0e45-9e2a14ef0b03_0096.jpg,atorvastatin,train
train/atorvastatin/atorvastatin_7bd0f0ec-f7a3-4403-9a1a-11f18213631f_0019.jpg,atorvastatin,train
train/atorvastatin/atorvastatin_4e06b20d-cc5d-46eb-991b-5972248de3af_0112.jpg,atorvastatin,train
train/atorvastatin/atorvastatin_4c7b1b11-90a3-bc1c-0e45-9e2a14ef0b03_0109.jpg,atorvastatin,train
train/atorvastatin/atorvastatin_7bd0f0ec-f7a3-4403-9a1a-11f18213631f_0023.jpg,atorvastatin,train
train/atorvastatin/atorvastatin_7c58bf4a-4a92-4db8-89bc-4de1b5831efc_0004.jpg,atorvastatin,train
train/atorvastatin/atorvastatin_4c7b1b11-90a3-bc1c-0e45-9e2a14ef0b03_0104.jpg,atorvastatin,train
train/atorvastatin/atorvastatin_25c8f92f-9cb6-482b-82e1-16ad7c94e7b3_0032.jpg,atorvastatin,train
train/atorvastatin/atorvastatin_aee307d6-b3fa-424f-8656-1f30ff413e95_0045.jpg,atorvastatin,train
train/atorvastatin/atorvastatin_25c8f92f-9cb6-482b-82e1-16ad7c94e7b3_0034.jpg,atorvastatin,train
train/atorvastatin/atorvastatin_635addf1-2024-4675-8d3c-380dc4548fbd_0133.jpg,atorvastatin,train
train/atorvastatin/atorvastatin_14124e56-77ba-426d-8f5a-dbe42eda1a20_0064.jpg,atorvastatin,train
train/atorvastatin/atorvastatin_635addf1-2024-4675-8d3c-380dc4548fbd_0134.jpg,atorvastatin,train
train/atorvastatin/atorvastatin_06abf2dc-5ebd-4d42-b43c-7deeb93925dd_0010.jpg,atorvastatin,train
train/atorvastatin/atorvastatin_7bd0f0ec-f7a3-4403-9a1a-11f18213631f_0028.jpg,atorvastatin,train
train/atorvastatin/atorvastatin_44a39b5a-77b6-42e8-9319-df21d3678e02_0087.jpg,atorvastatin,train
train/atorvastatin/atorvastatin_9271942d-0151-4434-80de-bbccd8868c9c_0147.jpg,atorvastatin,train
train/atorvastatin/atorvastatin_7c58bf4a-4a92-4db8-89bc-4de1b5831efc_0006.jpg,atorvastatin,train
train/atorvastatin/atorvastatin_4e06b20d-cc5d-46eb-991b-5972248de3af_0115.jpg,atorvastatin,train
train/atorvastatin/atorvastatin_4e06b20d-cc5d-46eb-991b-5972248de3af_0117.jpg,atorvastatin,train
train/atorvastatin/atorvastatin_61c29f52-7dcd-44ac-a8aa-4f54f0901f04_0129.jpg,atorvastatin,train
train/atorvastatin/atorvastatin_271409d0-5500-4ed0-8730-5a93226a2191_0076.jpg,atorvastatin,train
train/atorvastatin/atorvastatin_7bd0f0ec-f7a3-4403-9a1a-11f18213631f_0029.jpg,atorvastatin,train
train/atorvastatin/atorvastatin_7353f9ef-6f79-4522-886a-7a8ae4eb867e_0142.jpg,atorvastatin,train
train/atorvastatin/atorvastatin_7353f9ef-6f79-4522-886a-7a8ae4eb867e_0145.jpg,atorvastatin,train
train/atorvastatin/atorvastatin_173474b6-26b4-46f2-a12a-64753ae5e905_0069.jpg,atorvastatin,train
train/atorvastatin/atorvastatin_14124e56-77ba-426d-8f5a-dbe42eda1a20_0052.jpg,atorvastatin,train
train/atorvastatin/atorvastatin_06abf2dc-5ebd-4d42-b43c-7deeb93925dd_0008.jpg,atorvastatin,train
train/atorvastatin/atorvastatin_25c8f92f-9cb6-482b-82e1-16ad7c94e7b3_0037.jpg,atorvastatin,train
train/atorvastatin/atorvastatin_66df5c0b-be89-4fc7-8f8d-c7689952c662_0136.jpg,atorvastatin,train
train/atorvastatin/atorvastatin_66df5c0b-be89-4fc7-8f8d-c7689952c662_0138.jpg,atorvastatin,train
train/atorvastatin/atorvastatin_7353f9ef-6f79-4522-886a-7a8ae4eb867e_0146.jpg,atorvastatin,train
train/atorvastatin/atorvastatin_25c8f92f-9cb6-482b-82e1-16ad7c94e7b3_0038.jpg,atorvastatin,train
train/atorvastatin/atorvastatin_173474b6-26b4-46f2-a12a-64753ae5e905_0071.jpg,atorvastatin,train
train/atorvastatin/atorvastatin_14124e56-77ba-426d-8f5a-dbe42eda1a20_0067.jpg,atorvastatin,train
train/atorvastatin/atorvastatin_7c58bf4a-4a92-4db8-89bc-4de1b5831efc_0005.jpg,atorvastatin,train
train/atorvastatin/atorvastatin_4e06b20d-cc5d-46eb-991b-5972248de3af_0114.jpg,atorvastatin,train
train/atorvastatin/atorvastatin_25c8f92f-9cb6-482b-82e1-16ad7c94e7b3_0033.jpg,atorvastatin,train
train/atorvastatin/atorvastatin_61c29f52-7dcd-44ac-a8aa-4f54f0901f04_0128.jpg,atorvastatin,train
train/atorvastatin/atorvastatin_54f93ed0-64ef-46bb-aab6-a8dd5dc4c035_0119.jpg,atorvastatin,train
train/atorvastatin/atorvastatin_7bd0f0ec-f7a3-4403-9a1a-11f18213631f_0024.jpg,atorvastatin,train
train/atorvastatin/atorvastatin_aee307d6-b3fa-424f-8656-1f30ff413e95_0043.jpg,atorvastatin,train
train/atorvastatin/atorvastatin_14124e56-77ba-426d-8f5a-dbe42eda1a20_0066.jpg,atorvastatin,train
train/atorvastatin/atorvastatin_173474b6-26b4-46f2-a12a-64753ae5e905_0075.jpg,atorvastatin,train
train/atorvastatin/atorvastatin_14124e56-77ba-426d-8f5a-dbe42eda1a20_0055.jpg,atorvastatin,train
train/atorvastatin/atorvastatin_4344f574-9b86-7ae5-e063-6294a90a79e8_0084.jpg,atorvastatin,train
train/atorvastatin/atorvastatin_06abf2dc-5ebd-4d42-b43c-7deeb93925dd_0011.jpg,atorvastatin,train
train/atorvastatin/atorvastatin_4e06b20d-cc5d-46eb-991b-5972248de3af_0111.jpg,atorvastatin,train
train/atorvastatin/atorvastatin_61c29f52-7dcd-44ac-a8aa-4f54f0901f04_0124.jpg,atorvastatin,train
train/atorvastatin/atorvastatin_4509aa67-06d4-41d1-80b6-c9bd8ad0bf07_0091.jpg,atorvastatin,train
train/atorvastatin/atorvastatin_4509aa67-06d4-41d1-80b6-c9bd8ad0bf07_0095.jpg,atorvastatin,train
train/atorvastatin/atorvastatin_14124e56-77ba-426d-8f5a-dbe42eda1a20_0049.jpg,atorvastatin,train
train/atorvastatin/atorvastatin_7bd0f0ec-f7a3-4403-9a1a-11f18213631f_0021.jpg,atorvastatin,train
train/atorvastatin/atorvastatin_66df5c0b-be89-4fc7-8f8d-c7689952c662_0139.jpg,atorvastatin,train
train/atorvastatin/atorvastatin_4344f574-9b86-7ae5-e063-6294a90a79e8_0083.jpg,atorvastatin,train
train/atorvastatin/atorvastatin_14124e56-77ba-426d-8f5a-dbe42eda1a20_0053.jpg,atorvastatin,train
train/atorvastatin/atorvastatin_54f93ed0-64ef-46bb-aab6-a8dd5dc4c035_0123.jpg,atorvastatin,train
train/atorvastatin/atorvastatin_4e06b20d-cc5d-46eb-991b-5972248de3af_0113.jpg,atorvastatin,train
train/atorvastatin/atorvastatin_7c58bf4a-4a92-4db8-89bc-4de1b5831efc_0002.jpg,atorvastatin,train
train/atorvastatin/atorvastatin_25c8f92f-9cb6-482b-82e1-16ad7c94e7b3_0041.jpg,atorvastatin,train
train/atorvastatin/atorvastatin_44a39b5a-77b6-42e8-9319-df21d3678e02_0088.jpg,atorvastatin,train
train/atorvastatin/atorvastatin_aee307d6-b3fa-424f-8656-1f30ff413e95_0047.jpg,atorvastatin,train
train/atorvastatin/atorvastatin_14124e56-77ba-426d-8f5a-dbe42eda1a20_0050.jpg,atorvastatin,train
train/atorvastatin/atorvastatin_635addf1-2024-4675-8d3c-380dc4548fbd_0131.jpg,atorvastatin,train
train/atorvastatin/atorvastatin_25c8f92f-9cb6-482b-82e1-16ad7c94e7b3_0035.jpg,atorvastatin,train
train/atorvastatin/atorvastatin_4c7b1b11-90a3-bc1c-0e45-9e2a14ef0b03_0100.jpg,atorvastatin,train
train/atorvastatin/atorvastatin_9271942d-0151-4434-80de-bbccd8868c9c_0148.jpg,atorvastatin,train
train/atorvastatin/atorvastatin_4c7b1b11-90a3-bc1c-0e45-9e2a14ef0b03_0103.jpg,atorvastatin,train
train/atorvastatin/atorvastatin_61c29f52-7dcd-44ac-a8aa-4f54f0901f04_0125.jpg,atorvastatin,train
train/atorvastatin/atorvastatin_4509aa67-06d4-41d1-80b6-c9bd8ad0bf07_0094.jpg,atorvastatin,train
train/atorvastatin/atorvastatin_4509aa67-06d4-41d1-80b6-c9bd8ad0bf07_0092.jpg,atorvastatin,train
train/atorvastatin/atorvastatin_811e6733-fa82-4b41-b426-fe24aa70e601_0015.jpg,atorvastatin,train
train/atorvastatin/atorvastatin_25c8f92f-9cb6-482b-82e1-16ad7c94e7b3_0031.jpg,atorvastatin,train
train/atorvastatin/atorvastatin_14124e56-77ba-426d-8f5a-dbe42eda1a20_0054.jpg,atorvastatin,train
train/atorvastatin/atorvastatin_7bd0f0ec-f7a3-4403-9a1a-11f18213631f_0020.jpg,atorvastatin,train
train/atorvastatin/atorvastatin_06abf2dc-5ebd-4d42-b43c-7deeb93925dd_0012.jpg,atorvastatin,train
train/atorvastatin/atorvastatin_7c58bf4a-4a92-4db8-89bc-4de1b5831efc_0007.jpg,atorvastatin,train
train/atorvastatin/atorvastatin_44a39b5a-77b6-42e8-9319-df21d3678e02_0086.jpg,atorvastatin,train
train/atorvastatin/atorvastatin_61c29f52-7dcd-44ac-a8aa-4f54f0901f04_0127.jpg,atorvastatin,train
train/atorvastatin/atorvastatin_25c8f92f-9cb6-482b-82e1-16ad7c94e7b3_0042.jpg,atorvastatin,train
val/atorvastatin/atorvastatin_7bd0f0ec-f7a3-4403-9a1a-11f18213631f_0027.jpg,atorvastatin,val
val/atorvastatin/atorvastatin_61c29f52-7dcd-44ac-a8aa-4f54f0901f04_0126.jpg,atorvastatin,val
val/atorvastatin/atorvastatin_54f93ed0-64ef-46bb-aab6-a8dd5dc4c035_0122.jpg,atorvastatin,val
val/atorvastatin/atorvastatin_14124e56-77ba-426d-8f5a-dbe42eda1a20_0061.jpg,atorvastatin,val
val/atorvastatin/atorvastatin_811e6733-fa82-4b41-b426-fe24aa70e601_0016.jpg,atorvastatin,val
val/atorvastatin/atorvastatin_7bd0f0ec-f7a3-4403-9a1a-11f18213631f_0026.jpg,atorvastatin,val
val/atorvastatin/atorvastatin_7353f9ef-6f79-4522-886a-7a8ae4eb867e_0143.jpg,atorvastatin,val
val/atorvastatin/atorvastatin_14124e56-77ba-426d-8f5a-dbe42eda1a20_0065.jpg,atorvastatin,val
val/atorvastatin/atorvastatin_14124e56-77ba-426d-8f5a-dbe42eda1a20_0060.jpg,atorvastatin,val
val/atorvastatin/atorvastatin_9271942d-0151-4434-80de-bbccd8868c9c_0149.jpg,atorvastatin,val
val/atorvastatin/atorvastatin_7c58bf4a-4a92-4db8-89bc-4de1b5831efc_0003.jpg,atorvastatin,val
val/atorvastatin/atorvastatin_14124e56-77ba-426d-8f5a-dbe42eda1a20_0051.jpg,atorvastatin,val
val/atorvastatin/atorvastatin_173474b6-26b4-46f2-a12a-64753ae5e905_0068.jpg,atorvastatin,val
val/atorvastatin/atorvastatin_14124e56-77ba-426d-8f5a-dbe42eda1a20_0059.jpg,atorvastatin,val
val/atorvastatin/atorvastatin_14124e56-77ba-426d-8f5a-dbe42eda1a20_0062.jpg,atorvastatin,val
val/atorvastatin/atorvastatin_25c8f92f-9cb6-482b-82e1-16ad7c94e7b3_0030.jpg,atorvastatin,val
val/atorvastatin/atorvastatin_4c7b1b11-90a3-bc1c-0e45-9e2a14ef0b03_0097.jpg,atorvastatin,val
val/atorvastatin/atorvastatin_66df5c0b-be89-4fc7-8f8d-c7689952c662_0137.jpg,atorvastatin,val
val/atorvastatin/atorvastatin_173474b6-26b4-46f2-a12a-64753ae5e905_0070.jpg,atorvastatin,val
val/atorvastatin/atorvastatin_44a39b5a-77b6-42e8-9319-df21d3678e02_0090.jpg,atorvastatin,val
val/atorvastatin/atorvastatin_14124e56-77ba-426d-8f5a-dbe42eda1a20_0063.jpg,atorvastatin,val
val/atorvastatin/atorvastatin_173474b6-26b4-46f2-a12a-64753ae5e905_0074.jpg,atorvastatin,val
test/atorvastatin/atorvastatin_44a39b5a-77b6-42e8-9319-df21d3678e02_0089.jpg,atorvastatin,test
test/atorvastatin/atorvastatin_4344f574-9b86-7ae5-e063-6294a90a79e8_0082.jpg,atorvastatin,test
test/atorvastatin/atorvastatin_271409d0-5500-4ed0-8730-5a93226a2191_0078.jpg,atorvastatin,test
test/atorvastatin/atorvastatin_7353f9ef-6f79-4522-886a-7a8ae4eb867e_0140.jpg,atorvastatin,test
test/atorvastatin/atorvastatin_4c7b1b11-90a3-bc1c-0e45-9e2a14ef0b03_0102.jpg,atorvastatin,test
test/atorvastatin/atorvastatin_7c58bf4a-4a92-4db8-89bc-4de1b5831efc_0001.jpg,atorvastatin,test
test/atorvastatin/atorvastatin_54f93ed0-64ef-46bb-aab6-a8dd5dc4c035_0121.jpg,atorvastatin,test
test/atorvastatin/atorvastatin_4c7b1b11-90a3-bc1c-0e45-9e2a14ef0b03_0101.jpg,atorvastatin,test
test/atorvastatin/atorvastatin_54f93ed0-64ef-46bb-aab6-a8dd5dc4c035_0120.jpg,atorvastatin,test
test/atorvastatin/atorvastatin_4c7b1b11-90a3-bc1c-0e45-9e2a14ef0b03_0110.jpg,atorvastatin,test
test/atorvastatin/atorvastatin_25c8f92f-9cb6-482b-82e1-16ad7c94e7b3_0036.jpg,atorvastatin,test
test/atorvastatin/atorvastatin_4c7b1b11-90a3-bc1c-0e45-9e2a14ef0b03_0106.jpg,atorvastatin,test
test/atorvastatin/atorvastatin_173474b6-26b4-46f2-a12a-64753ae5e905_0072.jpg,atorvastatin,test
test/atorvastatin/atorvastatin_7bd0f0ec-f7a3-4403-9a1a-11f18213631f_0025.jpg,atorvastatin,test
test/atorvastatin/atorvastatin_4344f574-9b86-7ae5-e063-6294a90a79e8_0081.jpg,atorvastatin,test
test/atorvastatin/atorvastatin_4e06b20d-cc5d-46eb-991b-5972248de3af_0118.jpg,atorvastatin,test
test/atorvastatin/atorvastatin_7bd0f0ec-f7a3-4403-9a1a-11f18213631f_0022.jpg,atorvastatin,test
test/atorvastatin/atorvastatin_7c58bf4a-4a92-4db8-89bc-4de1b5831efc_0000.jpg,atorvastatin,test
test/atorvastatin/atorvastatin_271409d0-5500-4ed0-8730-5a93226a2191_0080.jpg,atorvastatin,test
test/atorvastatin/atorvastatin_4509aa67-06d4-41d1-80b6-c9bd8ad0bf07_0093.jpg,atorvastatin,test
test/atorvastatin/atorvastatin_aee307d6-b3fa-424f-8656-1f30ff413e95_0044.jpg,atorvastatin,test
test/atorvastatin/atorvastatin_25c8f92f-9cb6-482b-82e1-16ad7c94e7b3_0040.jpg,atorvastatin,test
test/atorvastatin/atorvastatin_271409d0-5500-4ed0-8730-5a93226a2191_0079.jpg,atorvastatin,test
train/azithromycin/azithromycin_3ddecd25-dc32-a2af-e063-6294a90a526d_0094.jpg,azithromycin,train
train/azithromycin/azithromycin_a1c96531-bbd2-4dc5-8eeb-3f0276cd0956_0071.jpg,azithromycin,train
train/azithromycin/azithromycin_44f52ce0-ad3f-7d80-e063-6294a90ad086_0016.jpg,azithromycin,train
train/azithromycin/azithromycin_859bb02c-a4bc-46fa-9fc9-def1219b5dfb_0005.jpg,azithromycin,train
train/azithromycin/azithromycin_3962bc34-8236-4ac1-8ffd-2edbd430c3eb_0010.jpg,azithromycin,train
train/azithromycin/azithromycin_d9b66736-3f1a-4d6d-bdc4-274f5adfb40c_0015.jpg,azithromycin,train
train/azithromycin/azithromycin_da399401-1ee6-422a-be46-0bba6b264b2f_0057.jpg,azithromycin,train
train/azithromycin/azithromycin_33d0a4eb-5076-65c6-e063-6394a90ac13a_0118.jpg,azithromycin,train
train/azithromycin/azithromycin_a2b0c06b-e93d-f5aa-e053-2995a90ac9aa_0139.jpg,azithromycin,train
train/azithromycin/azithromycin_cefbce3f-3e6c-4659-abd7-3ec3e8227737_0141.jpg,azithromycin,train
train/azithromycin/azithromycin_44f52ce0-ad3f-7d80-e063-6294a90ad086_0019.jpg,azithromycin,train
train/azithromycin/azithromycin_d9b66736-3f1a-4d6d-bdc4-274f5adfb40c_0013.jpg,azithromycin,train
train/azithromycin/azithromycin_da399401-1ee6-422a-be46-0bba6b264b2f_0055.jpg,azithromycin,train
train/azithromycin/azithromycin_bf061799-cdef-40f8-b1ce-bc5eb609f8c3_0064.jpg,azithromycin,train
train/azithromycin/azithromycin_f0cfda1a-910f-4764-8658-263037df5ea8_0075.jpg,azithromycin,train
train/azithromycin/azithromycin_2fd25741-f014-3999-e063-6394a90acdd0_0109.jpg,azithromycin,train
train/azithromycin/azithromycin_a2b0c06b-e93d-f5aa-e053-2995a90ac9aa_0133.jpg,azithromycin,train
train/azithromycin/azithromycin_3ddecd25-dc32-a2af-e063-6294a90a526d_0086.jpg,azithromycin,train
train/azithromycin/azithromycin_da399401-1ee6-422a-be46-0bba6b264b2f_0058.jpg,azithromycin,train
train/azithromycin/azithromycin_f0cfda1a-910f-4764-8658-263037df5ea8_0079.jpg,azithromycin,train
train/azithromycin/azithromycin_a2b0c06b-e93d-f5aa-e053-2995a90ac9aa_0132.jpg,azithromycin,train
train/azithromycin/azithromycin_5f144e92-c9eb-420a-9bb8-4265a9f20a98_0033.jpg,azithromycin,train
train/azithromycin/azithromycin_714f6f55-278a-4fcf-8d4e-2ad9b43623a3_0025.jpg,azithromycin,train
train/azithromycin/azithromycin_01649d79-4677-4577-a3e4-e054f3f9fc3b_0036.jpg,azithromycin,train
train/azithromycin/azithromycin_c7ed6985-1d1d-48af-9df8-64b12821789e_0029.jpg,azithromycin,train
train/azithromycin/azithromycin_bf061799-cdef-40f8-b1ce-bc5eb609f8c3_0061.jpg,azithromycin,train
train/azithromycin/azithromycin_614cc2a4-3fc7-455d-9e8a-212c496f0fbf_0120.jpg,azithromycin,train
train/azithromycin/azithromycin_309652c7-e8a9-4b10-b88a-8812212f7ad3_0127.jpg,azithromycin,train
train/azithromycin/azithromycin_397471e5-76e2-462c-af30-bcc54fe00266_0048.jpg,azithromycin,train
train/azithromycin/azithromycin_614cc2a4-3fc7-455d-9e8a-212c496f0fbf_0119.jpg,azithromycin,train
train/azithromycin/azithromycin_859bb02c-a4bc-46fa-9fc9-def1219b5dfb_0004.jpg,azithromycin,train
train/azithromycin/azithromycin_a2b0c06b-e93d-f5aa-e053-2995a90ac9aa_0136.jpg,azithromycin,train
train/azithromycin/azithromycin_3ddecd25-dc32-a2af-e063-6294a90a526d_0092.jpg,azithromycin,train
train/azithromycin/azithromycin_0c926669-62b2-4ad3-8289-173c5818a9c1_0046.jpg,azithromycin,train
train/azithromycin/azithromycin_2fd25741-f014-3999-e063-6394a90acdd0_0112.jpg,azithromycin,train
train/azithromycin/azithromycin_12e39d3d-de16-4735-8897-cbf82148a3f5_0144.jpg,azithromycin,train
train/azithromycin/azithromycin_a2b0c06b-e93d-f5aa-e053-2995a90ac9aa_0138.jpg,azithromycin,train
train/azithromycin/azithromycin_33d0a4eb-5076-65c6-e063-6394a90ac13a_0117.jpg,azithromycin,train
train/azithromycin/azithromycin_7711e846-0bb3-486c-8511-f445e264cd98_0070.jpg,azithromycin,train
train/azithromycin/azithromycin_3745a0b0-7855-69eb-e063-6294a90ab6a8_0100.jpg,azithromycin,train
train/azithromycin/azithromycin_c9990a1d-5238-403e-9221-72a9314d7b5e_0053.jpg,azithromycin,train
train/azithromycin/azithromycin_814abe38-da4a-48af-bf4b-2ce04a5aabd1_0148.jpg,azithromycin,train
train/azithromycin/azithromycin_3f7c7421-411d-c04e-e063-6394a90a4aa0_0074.jpg,azithromycin,train
train/azithromycin/azithromycin_01649d79-4677-4577-a3e4-e054f3f9fc3b_0039.jpg,azithromycin,train
train/azithromycin/azithromycin_3ddecd25-dc32-a2af-e063-6294a90a526d_0087.jpg,azithromycin,train
train/azithromycin/azithromycin_bf061799-cdef-40f8-b1ce-bc5eb609f8c3_0068.jpg,azithromycin,train
train/azithromycin/azithromycin_397471e5-76e2-462c-af30-bcc54fe00266_0049.jpg,azithromycin,train
train/azithromycin/azithromycin_859bb02c-a4bc-46fa-9fc9-def1219b5dfb_0000.jpg,azithromycin,train
train/azithromycin/azithromycin_3ddecd25-dc32-a2af-e063-6294a90a526d_0082.jpg,azithromycin,train
train/azithromycin/azithromycin_2fd1f4b5-6c32-3075-e063-6294a90a0d4b_0105.jpg,azithromycin,train
train/azithromycin/azithromycin_f0cfda1a-910f-4764-8658-263037df5ea8_0077.jpg,azithromycin,train
train/azithromycin/azithromycin_3745a0b0-7855-69eb-e063-6294a90ab6a8_0103.jpg,azithromycin,train
train/azithromycin/azithromycin_cefbce3f-3e6c-4659-abd7-3ec3e8227737_0140.jpg,azithromycin,train
train/azithromycin/azithromycin_309652c7-e8a9-4b10-b88a-8812212f7ad3_0130.jpg,azithromycin,train
train/azithromycin/azithromycin_3ddecd25-dc32-a2af-e063-6294a90a526d_0083.jpg,azithromycin,train
train/azithromycin/azithromycin_c9990a1d-5238-403e-9221-72a9314d7b5e_0052.jpg,azithromycin,train
train/azithromycin/azithromycin_01649d79-4677-4577-a3e4-e054f3f9fc3b_0042.jpg,azithromycin,train
train/azithromycin/azithromycin_3745a0b0-7855-69eb-e063-6294a90ab6a8_0104.jpg,azithromycin,train
train/azithromycin/azithromycin_01649d79-4677-4577-a3e4-e054f3f9fc3b_0045.jpg,azithromycin,train
train/azithromycin/azithromycin_859bb02c-a4bc-46fa-9fc9-def1219b5dfb_0003.jpg,azithromycin,train
train/azithromycin/azithromycin_bf061799-cdef-40f8-b1ce-bc5eb609f8c3_0065.jpg,azithromycin,train
train/azithromycin/azithromycin_01649d79-4677-4577-a3e4-e054f3f9fc3b_0041.jpg,azithromycin,train
train/azithromycin/azithromycin_01649d79-4677-4577-a3e4-e054f3f9fc3b_0044.jpg,azithromycin,train
train/azithromycin/azithromycin_12e39d3d-de16-4735-8897-cbf82148a3f5_0142.jpg,azithromycin,train
train/azithromycin/azithromycin_44f52ce0-ad3f-7d80-e063-6294a90ad086_0020.jpg,azithromycin,train
train/azithromycin/azithromycin_a2b0c06b-e93d-f5aa-e053-2995a90ac9aa_0135.jpg,azithromycin,train
train/azithromycin/azithromycin_714f6f55-278a-4fcf-8d4e-2ad9b43623a3_0023.jpg,azithromycin,train
train/azithromycin/azithromycin_da399401-1ee6-422a-be46-0bba6b264b2f_0054.jpg,azithromycin,train
train/azithromycin/azithromycin_3ddecd25-dc32-a2af-e063-6294a90a526d_0096.jpg,azithromycin,train
train/azithromycin/azithromycin_33d0a4eb-5076-65c6-e063-6394a90ac13a_0114.jpg,azithromycin,train
train/azithromycin/azithromycin_c7ed6985-1d1d-48af-9df8-64b12821789e_0028.jpg,azithromycin,train
train/azithromycin/azithromycin_01649d79-4677-4577-a3e4-e054f3f9fc3b_0037.jpg,azithromycin,train
train/azithromycin/azithromycin_614cc2a4-3fc7-455d-9e8a-212c496f0fbf_0121.jpg,azithromycin,train
train/azithromycin/azithromycin_3ddecd25-dc32-a2af-e063-6294a90a526d_0093.jpg,azithromycin,train
train/azithromycin/azithromycin_859bb02c-a4bc-46fa-9fc9-def1219b5dfb_0002.jpg,azithromycin,train
train/azithromycin/azithromycin_5f144e92-c9eb-420a-9bb8-4265a9f20a98_0031.jpg,azithromycin,train
train/azithromycin/azithromycin_a2b0c06b-e93d-f5aa-e053-2995a90ac9aa_0131.jpg,azithromycin,train
train/azithromycin/azithromycin_814abe38-da4a-48af-bf4b-2ce04a5aabd1_0149.jpg,azithromycin,train
train/azithromycin/azithromycin_814abe38-da4a-48af-bf4b-2ce04a5aabd1_0147.jpg,azithromycin,train
train/azithromycin/azithromycin_d9b66736-3f1a-4d6d-bdc4-274f5adfb40c_0012.jpg,azithromycin,train
train/azithromycin/azithromycin_3745a0b0-7855-69eb-e063-6294a90ab6a8_0102.jpg,azithromycin,train
train/azithromycin/azithromycin_c9990a1d-5238-403e-9221-72a9314d7b5e_0051.jpg,azithromycin,train
train/azithromycin/azithromycin_da399401-1ee6-422a-be46-0bba6b264b2f_0056.jpg,azithromycin,train
train/azithromycin/azithromycin_3ddecd25-dc32-a2af-e063-6294a90a526d_0091.jpg,azithromycin,train
train/azithromycin/azithromycin_5f144e92-c9eb-420a-9bb8-4265a9f20a98_0032.jpg,azithromycin,train
train/azithromycin/azithromycin_859bb02c-a4bc-46fa-9fc9-def1219b5dfb_0007.jpg,azithromycin,train
train/azithromycin/azithromycin_3f7c7421-411d-c04e-e063-6394a90a4aa0_0073.jpg,azithromycin,train
train/azithromycin/azithromycin_01649d79-4677-4577-a3e4-e054f3f9fc3b_0043.jpg,azithromycin,train
train/azithromycin/azithromycin_01649d79-4677-4577-a3e4-e054f3f9fc3b_0038.jpg,azithromycin,train
train/azithromycin/azithromycin_3ddecd25-dc32-a2af-e063-6294a90a526d_0098.jpg,azithromycin,train
train/azithromycin/azithromycin_01649d79-4677-4577-a3e4-e054f3f9fc3b_0040.jpg,azithromycin,train
train/azithromycin/azithromycin_efa7b126-71d2-43be-b3dc-32536217d308_0145.jpg,azithromycin,train
train/azithromycin/azithromycin_714f6f55-278a-4fcf-8d4e-2ad9b43623a3_0027.jpg,azithromycin,train
train/azithromycin/azithromycin_3ddecd25-dc32-a2af-e063-6294a90a526d_0089.jpg,azithromycin,train
train/azithromycin/azithromycin_2fd25741-f014-3999-e063-6394a90acdd0_0113.jpg,azithromycin,train
train/azithromycin/azithromycin_614cc2a4-3fc7-455d-9e8a-212c496f0fbf_0122.jpg,azithromycin,train
train/azithromycin/azithromycin_714f6f55-278a-4fcf-8d4e-2ad9b43623a3_0026.jpg,azithromycin,train
train/azithromycin/azithromycin_44f52ce0-ad3f-7d80-e063-6294a90ad086_0017.jpg,azithromycin,train
train/azithromycin/azithromycin_3ddecd25-dc32-a2af-e063-6294a90a526d_0090.jpg,azithromycin,train
train/azithromycin/azithromycin_859bb02c-a4bc-46fa-9fc9-def1219b5dfb_0001.jpg,azithromycin,train
train/azithromycin/azithromycin_bf061799-cdef-40f8-b1ce-bc5eb609f8c3_0067.jpg,azithromycin,train
train/azithromycin/azithromycin_01649d79-4677-4577-a3e4-e054f3f9fc3b_0034.jpg,azithromycin,train
train/azithromycin/azithromycin_0c926669-62b2-4ad3-8289-173c5818a9c1_0047.jpg,azithromycin,train
train/azithromycin/azithromycin_3ddecd25-dc32-a2af-e063-6294a90a526d_0099.jpg,azithromycin,train
train/azithromycin/azithromycin_33d0a4eb-5076-65c6-e063-6394a90ac13a_0115.jpg,azithromycin,train
val/azithromycin/azithromycin_bf061799-cdef-40f8-b1ce-bc5eb609f8c3_0063.jpg,azithromycin,val
val/azithromycin/azithromycin_12e39d3d-de16-4735-8897-cbf82148a3f5_0143.jpg,azithromycin,val
val/azithromycin/azithromycin_01649d79-4677-4577-a3e4-e054f3f9fc3b_0035.jpg,azithromycin,val
val/azithromycin/azithromycin_3ddecd25-dc32-a2af-e063-6294a90a526d_0081.jpg,azithromycin,val
val/azithromycin/azithromycin_2fd25741-f014-3999-e063-6394a90acdd0_0110.jpg,azithromycin,val
val/azithromycin/azithromycin_a2b0c06b-e93d-f5aa-e053-2995a90ac9aa_0137.jpg,azithromycin,val
val/azithromycin/azithromycin_309652c7-e8a9-4b10-b88a-8812212f7ad3_0129.jpg,azithromycin,val
val/azithromycin/azithromycin_3745a0b0-7855-69eb-e063-6294a90ab6a8_0101.jpg,azithromycin,val
val/azithromycin/azithromycin_2fd25741-f014-3999-e063-6394a90acdd0_0108.jpg,azithromycin,val
val/azithromycin/azithromycin_a1c96531-bbd2-4dc5-8eeb-3f0276cd0956_0072.jpg,azithromycin,val
val/azithromycin/azithromycin_2fd25741-f014-3999-e063-6394a90acdd0_0107.jpg,azithromycin,val
val/azithromycin/azithromycin_3ddecd25-dc32-a2af-e063-6294a90a526d_0095.jpg,azithromycin,val
val/azithromycin/azithromycin_44f52ce0-ad3f-7d80-e063-6294a90ad086_0018.jpg,azithromycin,val
val/azithromycin/azithromycin_a2b0c06b-e93d-f5aa-e053-2995a90ac9aa_0134.jpg,azithromycin,val
val/azithromycin/azithromycin_3ddecd25-dc32-a2af-e063-6294a90a526d_0085.jpg,azithromycin,val
val/azithromycin/azithromycin_7711e846-0bb3-486c-8511-f445e264cd98_0069.jpg,azithromycin,val
val/azithromycin/azithromycin_714f6f55-278a-4fcf-8d4e-2ad9b43623a3_0024.jpg,azithromycin,val
val/azithromycin/azithromycin_714f6f55-278a-4fcf-8d4e-2ad9b43623a3_0021.jpg,azithromycin,val
val/azithromycin/azithromycin_d9b66736-3f1a-4d6d-bdc4-274f5adfb40c_0014.jpg,azithromycin,val
val/azithromycin/azithromycin_614cc2a4-3fc7-455d-9e8a-212c496f0fbf_0123.jpg,azithromycin,val
val/azithromycin/azithromycin_33d0a4eb-5076-65c6-e063-6394a90ac13a_0116.jpg,azithromycin,val
val/azithromycin/azithromycin_309652c7-e8a9-4b10-b88a-8812212f7ad3_0128.jpg,azithromycin,val
test/azithromycin/azithromycin_bf061799-cdef-40f8-b1ce-bc5eb609f8c3_0062.jpg,azithromycin,test
test/azithromycin/azithromycin_c7ed6985-1d1d-48af-9df8-64b12821789e_0030.jpg,azithromycin,test
test/azithromycin/azithromycin_d9b66736-3f1a-4d6d-bdc4-274f5adfb40c_0011.jpg,azithromycin,test
test/azithromycin/azithromycin_714f6f55-278a-4fcf-8d4e-2ad9b43623a3_0022.jpg,azithromycin,test
test/azithromycin/azithromycin_2fd25741-f014-3999-e063-6394a90acdd0_0111.jpg,azithromycin,test
test/azithromycin/azithromycin_0d5129e4-8b94-4a4d-baa9-be0d6b32d714_0060.jpg,azithromycin,test
test/azithromycin/azithromycin_f0cfda1a-910f-4764-8658-263037df5ea8_0078.jpg,azithromycin,test
test/azithromycin/azithromycin_4196e616-bdd8-9e88-e063-6394a90ac81d_0050.jpg,azithromycin,test
test/azithromycin/azithromycin_859bb02c-a4bc-46fa-9fc9-def1219b5dfb_0008.jpg,azithromycin,test
test/azithromycin/azithromycin_3962bc34-8236-4ac1-8ffd-2edbd430c3eb_0009.jpg,azithromycin,test
test/azithromycin/azithromycin_3ddecd25-dc32-a2af-e063-6294a90a526d_0084.jpg,azithromycin,test
test/azithromycin/azithromycin_bf061799-cdef-40f8-b1ce-bc5eb609f8c3_0066.jpg,azithromycin,test
test/azithromycin/azithromycin_859bb02c-a4bc-46fa-9fc9-def1219b5dfb_0006.jpg,azithromycin,test
test/azithromycin/azithromycin_f0cfda1a-910f-4764-8658-263037df5ea8_0080.jpg,azithromycin,test
test/azithromycin/azithromycin_614cc2a4-3fc7-455d-9e8a-212c496f0fbf_0124.jpg,azithromycin,test
test/azithromycin/azithromycin_efa7b126-71d2-43be-b3dc-32536217d308_0146.jpg,azithromycin,test
test/azithromycin/azithromycin_f0cfda1a-910f-4764-8658-263037df5ea8_0076.jpg,azithromycin,test
test/azithromycin/azithromycin_11446677-a3dc-40cb-897d-7a9851b8c89c_0125.jpg,azithromycin,test
test/azithromycin/azithromycin_0d5129e4-8b94-4a4d-baa9-be0d6b32d714_0059.jpg,azithromycin,test
test/azithromycin/azithromycin_3ddecd25-dc32-a2af-e063-6294a90a526d_0097.jpg,azithromycin,test
test/azithromycin/azithromycin_3ddecd25-dc32-a2af-e063-6294a90a526d_0088.jpg,azithromycin,test
test/azithromycin/azithromycin_2fd1f4b5-6c32-3075-e063-6294a90a0d4b_0106.jpg,azithromycin,test
test/azithromycin/azithromycin_11446677-a3dc-40cb-897d-7a9851b8c89c_0126.jpg,azithromycin,test
train/cetirizine/cetirizine_44b22f6f-5731-4dfe-af33-4e4e54fc3af5_0059.jpg,cetirizine,train
train/cetirizine/cetirizine_3b5908f1-faba-c317-e063-6294a90aa8a7_0138.jpg,cetirizine,train
train/cetirizine/cetirizine_d5297bdb-823c-4318-a797-5311d5cf0df8_0108.jpg,cetirizine,train
train/cetirizine/cetirizine_c6f08e78-10fc-48d0-a3e1-e227081548eb_0076.jpg,cetirizine,train
train/cetirizine/cetirizine_0cab7aa8-ded3-46f1-b801-2663cc9b0173_0052.jpg,cetirizine,train
train/cetirizine/cetirizine_eb917099-fecf-6b55-e053-2995a90aaafa_0090.jpg,cetirizine,train
train/cetirizine/cetirizine_3b5908f1-faba-c317-e063-6294a90aa8a7_0139.jpg,cetirizine,train
train/cetirizine/cetirizine_73122009-531b-4929-bf57-494a6fc65b73_0063.jpg,cetirizine,train
train/cetirizine/cetirizine_6e5bdf93-d96b-19bc-e053-2a91aa0ad94d_0021.jpg,cetirizine,train
train/cetirizine/cetirizine_36b6d0e4-8da5-9df5-e063-6294a90af326_0129.jpg,cetirizine,train
train/cetirizine/cetirizine_36b24a3c-6284-5a6d-e063-6394a90a7743_0118.jpg,cetirizine,train
train/cetirizine/cetirizine_aeb73ab9-3b05-4062-a7fd-352cf2094a56_0083.jpg,cetirizine,train
train/cetirizine/cetirizine_36b6d0e4-8da5-9df5-e063-6294a90af326_0131.jpg,cetirizine,train
train/cetirizine/cetirizine_0fb52421-a327-4747-880f-d2b7608ccd65_0032.jpg,cetirizine,train
train/cetirizine/cetirizine_05324e41-ee3f-0e4b-e063-6294a90a102c_0038.jpg,cetirizine,train
train/cetirizine/cetirizine_36b24a3c-6284-5a6d-e063-6394a90a7743_0115.jpg,cetirizine,train
train/cetirizine/cetirizine_05324e41-ee3f-0e4b-e063-6294a90a102c_0035.jpg,cetirizine,train
train/cetirizine/cetirizine_3b5908f1-faba-c317-e063-6294a90aa8a7_0137.jpg,cetirizine,train
train/cetirizine/cetirizine_6e5bdf93-d96b-19bc-e053-2a91aa0ad94d_0020.jpg,cetirizine,train
train/cetirizine/cetirizine_f33e859d-ebc9-4d4f-a57d-204c48760d20_0027.jpg,cetirizine,train
train/cetirizine/cetirizine_06cdcbe0-6c7c-4b91-8158-08ef2e0876dc_0048.jpg,cetirizine,train
train/cetirizine/cetirizine_36b24a3c-6284-5a6d-e063-6394a90a7743_0114.jpg,cetirizine,train
train/cetirizine/cetirizine_42778a1c-6894-8646-e063-6294a90a6cb5_0004.jpg,cetirizine,train
train/cetirizine/cetirizine_36b6d0e4-8da5-9df5-e063-6294a90af326_0130.jpg,cetirizine,train
train/cetirizine/cetirizine_cf6b3017-c8b6-4862-aa33-19ed02a43c28_0107.jpg,cetirizine,train
train/cetirizine/cetirizine_eb917099-fecf-6b55-e053-2995a90aaafa_0089.jpg,cetirizine,train
train/cetirizine/cetirizine_8649fc1e-ad56-4660-bbbb-8f1ed795697b_0064.jpg,cetirizine,train
train/cetirizine/cetirizine_03c0a599-072a-10ef-e063-6394a90a9698_0030.jpg,cetirizine,train
train/cetirizine/cetirizine_0b0190c7-acfd-4140-bcaf-9fe835ebaf49_0081.jpg,cetirizine,train
train/cetirizine/cetirizine_05324e41-ee3f-0e4b-e063-6294a90a102c_0033.jpg,cetirizine,train
train/cetirizine/cetirizine_c6f08e78-10fc-48d0-a3e1-e227081548eb_0074.jpg,cetirizine,train
train/cetirizine/cetirizine_bc020340-ef39-e49a-e053-2a95a90af810_0098.jpg,cetirizine,train
train/cetirizine/cetirizine_a5be7921-c1cb-4b9f-9f4a-1c4b68b2b8a3_0068.jpg,cetirizine,train
train/cetirizine/cetirizine_b165db38-b302-4220-8627-77cb07bb078c_0070.jpg,cetirizine,train
train/cetirizine/cetirizine_06cdcbe0-6c7c-4b91-8158-08ef2e0876dc_0051.jpg,cetirizine,train
train/cetirizine/cetirizine_652b0c65-a3f2-4454-9cf2-51a3389282cc_0146.jpg,cetirizine,train
train/cetirizine/cetirizine_652b0c65-a3f2-4454-9cf2-51a3389282cc_0147.jpg,cetirizine,train
train/cetirizine/cetirizine_eb917099-fecf-6b55-e053-2995a90aaafa_0088.jpg,cetirizine,train
train/cetirizine/cetirizine_36b6d0e4-8da5-9df5-e063-6294a90af326_0126.jpg,cetirizine,train
train/cetirizine/cetirizine_36b24a3c-6284-5a6d-e063-6394a90a7743_0121.jpg,cetirizine,train
train/cetirizine/cetirizine_3b5908f1-faba-c317-e063-6294a90aa8a7_0141.jpg,cetirizine,train
train/cetirizine/cetirizine_36b24a3c-6284-5a6d-e063-6394a90a7743_0116.jpg,cetirizine,train
train/cetirizine/cetirizine_a86fbe45-08db-bddf-e053-2a95a90aa792_0007.jpg,cetirizine,train
train/cetirizine/cetirizine_36b24a3c-6284-5a6d-e063-6394a90a7743_0111.jpg,cetirizine,train
train/cetirizine/cetirizine_652b0c65-a3f2-4454-9cf2-51a3389282cc_0148.jpg,cetirizine,train
train/cetirizine/cetirizine_3b5908f1-faba-c317-e063-6294a90aa8a7_0136.jpg,cetirizine,train
train/cetirizine/cetirizine_06cdcbe0-6c7c-4b91-8158-08ef2e0876dc_0049.jpg,cetirizine,train
train/cetirizine/cetirizine_05324e41-ee3f-0e4b-e063-6294a90a102c_0041.jpg,cetirizine,train
train/cetirizine/cetirizine_652b0c65-a3f2-4454-9cf2-51a3389282cc_0149.jpg,cetirizine,train
train/cetirizine/cetirizine_d3411eec-05b1-49b3-86e8-bc47ac0ef6b7_0022.jpg,cetirizine,train
train/cetirizine/cetirizine_63ddeea4-d701-42b2-bcb7-81c0e43eb013_0025.jpg,cetirizine,train
train/cetirizine/cetirizine_3071238a-6b35-4da8-8305-eced56c513ce_0056.jpg,cetirizine,train
train/cetirizine/cetirizine_3b5908f1-faba-c317-e063-6294a90aa8a7_0143.jpg,cetirizine,train
train/cetirizine/cetirizine_aeb73ab9-3b05-4062-a7fd-352cf2094a56_0082.jpg,cetirizine,train
train/cetirizine/cetirizine_98f3f2c6-da18-4055-81f1-962261360f9b_0135.jpg,cetirizine,train
train/cetirizine/cetirizine_05324e41-ee3f-0e4b-e063-6294a90a102c_0036.jpg,cetirizine,train
train/cetirizine/cetirizine_c6f08e78-10fc-48d0-a3e1-e227081548eb_0075.jpg,cetirizine,train
train/cetirizine/cetirizine_831d4141-b3be-4d98-a372-9c4d57ad296c_0003.jpg,cetirizine,train
train/cetirizine/cetirizine_71448ab0-e23e-4cf7-940e-7d67e7362fb4_0103.jpg,cetirizine,train
train/cetirizine/cetirizine_4a45672b-67d3-4739-86ec-0a6696dd83d4_0011.jpg,cetirizine,train
train/cetirizine/cetirizine_0827643a-29b8-487a-a158-28976d672d4d_0094.jpg,cetirizine,train
train/cetirizine/cetirizine_06cdcbe0-6c7c-4b91-8158-08ef2e0876dc_0050.jpg,cetirizine,train
train/cetirizine/cetirizine_ee8695ac-1293-4e43-ac7c-a64e21a0ca0a_0080.jpg,cetirizine,train
train/cetirizine/cetirizine_36b24a3c-6284-5a6d-e063-6394a90a7743_0120.jpg,cetirizine,train
train/cetirizine/cetirizine_36b24a3c-6284-5a6d-e063-6394a90a7743_0117.jpg,cetirizine,train
train/cetirizine/cetirizine_a7da81e1-8865-45c9-83c7-32fb8032ca2e_0069.jpg,cetirizine,train
train/cetirizine/cetirizine_9d8e78ea-af98-4f7c-8db5-044b49582f80_0067.jpg,cetirizine,train
train/cetirizine/cetirizine_05324e41-ee3f-0e4b-e063-6294a90a102c_0034.jpg,cetirizine,train
train/cetirizine/cetirizine_f2f42f36-6b09-4140-e053-2a95a90af813_0009.jpg,cetirizine,train
train/cetirizine/cetirizine_86ade508-8841-47d8-addb-418ecd6dc8de_0065.jpg,cetirizine,train
train/cetirizine/cetirizine_36b24a3c-6284-5a6d-e063-6394a90a7743_0119.jpg,cetirizine,train
train/cetirizine/cetirizine_652b0c65-a3f2-4454-9cf2-51a3389282cc_0144.jpg,cetirizine,train
train/cetirizine/cetirizine_41d7af88-87b4-370e-e063-6294a90a8af6_0019.jpg,cetirizine,train
train/cetirizine/cetirizine_f33e859d-ebc9-4d4f-a57d-204c48760d20_0029.jpg,cetirizine,train
train/cetirizine/cetirizine_831d4141-b3be-4d98-a372-9c4d57ad296c_0002.jpg,cetirizine,train
train/cetirizine/cetirizine_36b24a3c-6284-5a6d-e063-6394a90a7743_0109.jpg,cetirizine,train
train/cetirizine/cetirizine_43f40b92-f0e0-8808-e063-6394a90a656b_0031.jpg,cetirizine,train
train/cetirizine/cetirizine_b38cb1c8-3575-4283-8692-00cd4cd8d5cc_0084.jpg,cetirizine,train
train/cetirizine/cetirizine_9abdae64-4c3d-47f3-8224-fc81f7bfe557_0024.jpg,cetirizine,train
train/cetirizine/cetirizine_41d7af88-87b4-370e-e063-6294a90a8af6_0017.jpg,cetirizine,train
train/cetirizine/cetirizine_36b24a3c-6284-5a6d-e063-6394a90a7743_0124.jpg,cetirizine,train
train/cetirizine/cetirizine_36b6d0e4-8da5-9df5-e063-6294a90af326_0125.jpg,cetirizine,train
train/cetirizine/cetirizine_36b24a3c-6284-5a6d-e063-6394a90a7743_0113.jpg,cetirizine,train
train/cetirizine/cetirizine_ff782956-03b7-4ae6-b78f-fb7fe78b262d_0015.jpg,cetirizine,train
train/cetirizine/cetirizine_c6f08e78-10fc-48d0-a3e1-e227081548eb_0073.jpg,cetirizine,train
train/cetirizine/cetirizine_3d711302-dc4e-0a69-e063-6394a90ade10_0058.jpg,cetirizine,train
train/cetirizine/cetirizine_c6f08e78-10fc-48d0-a3e1-e227081548eb_0072.jpg,cetirizine,train
train/cetirizine/cetirizine_3071238a-6b35-4da8-8305-eced56c513ce_0054.jpg,cetirizine,train
train/cetirizine/cetirizine_24099cbf-61ee-4ec8-a4ec-95a66ceaa0c0_0010.jpg,cetirizine,train
train/cetirizine/cetirizine_453b20b5-72a7-ac09-e063-6394a90afc4b_0001.jpg,cetirizine,train
train/cetirizine/cetirizine_d55dfce1-acef-3342-e053-2a95a90a4b83_0013.jpg,cetirizine,train
train/cetirizine/cetirizine_bc020340-ef39-e49a-e053-2a95a90af810_0097.jpg,cetirizine,train
train/cetirizine/cetirizine_36b24a3c-6284-5a6d-e063-6394a90a7743_0123.jpg,cetirizine,train
train/cetirizine/cetirizine_05324e41-ee3f-0e4b-e063-6294a90a102c_0040.jpg,cetirizine,train
train/cetirizine/cetirizine_05324e41-ee3f-0e4b-e063-6294a90a102c_0043.jpg,cetirizine,train
train/cetirizine/cetirizine_491fae66-83b6-4beb-945b-39b9e4e021c5_0060.jpg,cetirizine,train
train/cetirizine/cetirizine_71448ab0-e23e-4cf7-940e-7d67e7362fb4_0105.jpg,cetirizine,train
train/cetirizine/cetirizine_05324e41-ee3f-0e4b-e063-6294a90a102c_0037.jpg,cetirizine,train
train/cetirizine/cetirizine_0542dfb2-6ef3-4242-b8fc-9e889757cbd7_0016.jpg,cetirizine,train
train/cetirizine/cetirizine_36b6d0e4-8da5-9df5-e063-6294a90af326_0133.jpg,cetirizine,train
train/cetirizine/cetirizine_05324e41-ee3f-0e4b-e063-6294a90a102c_0045.jpg,cetirizine,train
train/cetirizine/cetirizine_363845a9-c379-16a7-e063-6394a90a011a_0000.jpg,cetirizine,train
train/cetirizine/cetirizine_42a1168e-e2cd-a1e5-e063-6294a90ab3b6_0005.jpg,cetirizine,train
train/cetirizine/cetirizine_678dcc09-55da-4d9d-a39a-c450c61c387b_0093.jpg,cetirizine,train
train/cetirizine/cetirizine_05324e41-ee3f-0e4b-e063-6294a90a102c_0042.jpg,cetirizine,train
val/cetirizine/cetirizine_533abfc1-226e-4a68-bfcc-ec046a4d5751_0102.jpg,cetirizine,val
val/cetirizine/cetirizine_71448ab0-e23e-4cf7-940e-7d67e7362fb4_0104.jpg,cetirizine,val
val/cetirizine/cetirizine_bc020340-ef39-e49a-e053-2a95a90af810_0095.jpg,cetirizine,val
val/cetirizine/cetirizine_eb917099-fecf-6b55-e053-2995a90aaafa_0091.jpg,cetirizine,val
val/cetirizine/cetirizine_cd895177-3c25-4a1b-81a0-b85f4877787a_0078.jpg,cetirizine,val
val/cetirizine/cetirizine_605adf29-734f-451a-8ff3-74be7b5814a6_0023.jpg,cetirizine,val
val/cetirizine/cetirizine_0face45c-af24-3559-e063-6294a90abde5_0053.jpg,cetirizine,val
val/cetirizine/cetirizine_3b5908f1-faba-c317-e063-6294a90aa8a7_0142.jpg,cetirizine,val
val/cetirizine/cetirizine_88c3d23e-a0d8-4464-9414-666d74f11f66_0066.jpg,cetirizine,val
val/cetirizine/cetirizine_05324e41-ee3f-0e4b-e063-6294a90a102c_0044.jpg,cetirizine,val
val/cetirizine/cetirizine_b90b5ef2-5aa2-45ca-94b9-c9d9e5877e23_0086.jpg,cetirizine,val
val/cetirizine/cetirizine_a86fbe45-08db-bddf-e053-2a95a90aa792_0008.jpg,cetirizine,val
val/cetirizine/cetirizine_652b0c65-a3f2-4454-9cf2-51a3389282cc_0145.jpg,cetirizine,val
val/cetirizine/cetirizine_36b6d0e4-8da5-9df5-e063-6294a90af326_0127.jpg,cetirizine,val
val/cetirizine/cetirizine_36b24a3c-6284-5a6d-e063-6394a90a7743_0112.jpg,cetirizine,val
val/cetirizine/cetirizine_41d7af88-87b4-370e-e063-6294a90a8af6_0018.jpg,cetirizine,val
val/cetirizine/cetirizine_4a45672b-67d3-4739-86ec-0a6696dd83d4_0012.jpg,cetirizine,val
val/cetirizine/cetirizine_36b24a3c-6284-5a6d-e063-6394a90a7743_0122.jpg,cetirizine,val
val/cetirizine/cetirizine_fb850a4c-7ac1-4993-b6ea-5c8d42e17703_0101.jpg,cetirizine,val
val/cetirizine/cetirizine_bc020340-ef39-e49a-e053-2a95a90af810_0100.jpg,cetirizine,val
val/cetirizine/cetirizine_6f3c2e57-7a0f-432f-a7f1-04906f5e4ddf_0062.jpg,cetirizine,val
val/cetirizine/cetirizine_36b6d0e4-8da5-9df5-e063-6294a90af326_0128.jpg,cetirizine,val
test/cetirizine/cetirizine_3071238a-6b35-4da8-8305-eced56c513ce_0055.jpg,cetirizine,test
test/cetirizine/cetirizine_bc020340-ef39-e49a-e053-2a95a90af810_0096.jpg,cetirizine,test
test/cetirizine/cetirizine_bc020340-ef39-e49a-e053-2a95a90af810_0099.jpg,cetirizine,test
test/cetirizine/cetirizine_06cdcbe0-6c7c-4b91-8158-08ef2e0876dc_0046.jpg,cetirizine,test
test/cetirizine/cetirizine_8227edbe-88d5-4d79-9175-891dd9566357_0006.jpg,cetirizine,test
test/cetirizine/cetirizine_eb917099-fecf-6b55-e053-2995a90aaafa_0092.jpg,cetirizine,test
test/cetirizine/cetirizine_05324e41-ee3f-0e4b-e063-6294a90a102c_0039.jpg,cetirizine,test
test/cetirizine/cetirizine_a042d98d-35ad-4d40-8b27-79dafd028096_0106.jpg,cetirizine,test
test/cetirizine/cetirizine_b73950f4-af6f-4dc7-bce2-9ec43c45eee5_0085.jpg,cetirizine,test
test/cetirizine/cetirizine_36b6d0e4-8da5-9df5-e063-6294a90af326_0134.jpg,cetirizine,test
test/cetirizine/cetirizine_3b5908f1-faba-c317-e063-6294a90aa8a7_0140.jpg,cetirizine,test
test/cetirizine/cetirizine_bef9e980-37b4-430d-8635-3354d578b3b8_0071.jpg,cetirizine,test
test/cetirizine/cetirizine_f33e859d-ebc9-4d4f-a57d-204c48760d20_0028.jpg,cetirizine,test
test/cetirizine/cetirizine_06cdcbe0-6c7c-4b91-8158-08ef2e0876dc_0047.jpg,cetirizine,test
test/cetirizine/cetirizine_36b24a3c-6284-5a6d-e063-6394a90a7743_0110.jpg,cetirizine,test
test/cetirizine/cetirizine_c6f08e78-10fc-48d0-a3e1-e227081548eb_0077.jpg,cetirizine,test
test/cetirizine/cetirizine_e4324124-13f8-4450-9fd6-686bd6e25578_0079.jpg,cetirizine,test
test/cetirizine/cetirizine_36b6d0e4-8da5-9df5-e063-6294a90af326_0132.jpg,cetirizine,test
test/cetirizine/cetirizine_37c6d1e4-dd88-42a2-a828-539b68aa5dad_0057.jpg,cetirizine,test
test/cetirizine/cetirizine_c5e74b2c-7871-4f28-a77d-0d674b9b8c5e_0087.jpg,cetirizine,test
test/cetirizine/cetirizine_f33e859d-ebc9-4d4f-a57d-204c48760d20_0026.jpg,cetirizine,test
test/cetirizine/cetirizine_d55dfce1-acef-3342-e053-2a95a90a4b83_0014.jpg,cetirizine,test
test/cetirizine/cetirizine_6685a843-9dbe-4f9e-b75b-fe0e258f4155_0061.jpg,cetirizine,test
train/clopidogrel/clopidogrel_c03a895c-2d74-4d7f-891f-b752ce409b68_0024.jpg,clopidogrel,train
train/clopidogrel/clopidogrel_333c7992-d481-b7d4-404f-9a49c85b6331_0052.jpg,clopidogrel,train
train/clopidogrel/clopidogrel_1447a095-c663-4f05-91d4-f09bfc0c3d42_0035.jpg,clopidogrel,train
train/clopidogrel/clopidogrel_1447a095-c663-4f05-91d4-f09bfc0c3d42_0033.jpg,clopidogrel,train
train/clopidogrel/clopidogrel_2969deac-274b-4042-9c90-9522e62a979d_0081.jpg,clopidogrel,train
train/clopidogrel/clopidogrel_669f0bc6-f173-484d-8efe-c006683b25d1_0142.jpg,clopidogrel,train
train/clopidogrel/clopidogrel_0d010775-1160-4b2e-a928-563a02edd191_0126.jpg,clopidogrel,train
train/clopidogrel/clopidogrel_edae8df1-caf9-ff72-1304-5ae8b355f8e7_0091.jpg,clopidogrel,train
train/clopidogrel/clopidogrel_669f0bc6-f173-484d-8efe-c006683b25d1_0135.jpg,clopidogrel,train
train/clopidogrel/clopidogrel_c03a895c-2d74-4d7f-891f-b752ce409b68_0021.jpg,clopidogrel,train
train/clopidogrel/clopidogrel_dc7d0eec-733f-4fb5-a122-f58926fb7418_0071.jpg,clopidogrel,train
train/clopidogrel/clopidogrel_d072b6ea-2bb4-8965-918e-23f9080efcb0_0063.jpg,clopidogrel,train
train/clopidogrel/clopidogrel_b5aa951f-72de-bea1-98a2-a4085c64a361_0122.jpg,clopidogrel,train
train/clopidogrel/clopidogrel_de8b0b67-eb25-4684-83b5-7ad785314227_0148.jpg,clopidogrel,train
train/clopidogrel/clopidogrel_3e2539c1-a6ad-4d60-944c-c2e7aa70ce45_0014.jpg,clopidogrel,train
train/clopidogrel/clopidogrel_1447a095-c663-4f05-91d4-f09bfc0c3d42_0038.jpg,clopidogrel,train
train/clopidogrel/clopidogrel_3e2539c1-a6ad-4d60-944c-c2e7aa70ce45_0011.jpg,clopidogrel,train
train/clopidogrel/clopidogrel_1447a095-c663-4f05-91d4-f09bfc0c3d42_0036.jpg,clopidogrel,train
train/clopidogrel/clopidogrel_de8b0b67-eb25-4684-83b5-7ad785314227_0146.jpg,clopidogrel,train
train/clopidogrel/clopidogrel_edae8df1-caf9-ff72-1304-5ae8b355f8e7_0097.jpg,clopidogrel,train
train/clopidogrel/clopidogrel_3e2539c1-a6ad-4d60-944c-c2e7aa70ce45_0015.jpg,clopidogrel,train
train/clopidogrel/clopidogrel_d072b6ea-2bb4-8965-918e-23f9080efcb0_0068.jpg,clopidogrel,train
train/clopidogrel/clopidogrel_d072b6ea-2bb4-8965-918e-23f9080efcb0_0064.jpg,clopidogrel,train
train/clopidogrel/clopidogrel_84bb2c2c-4c41-4aa4-a52b-3d6eed794ada_0000.jpg,clopidogrel,train
train/clopidogrel/clopidogrel_2969deac-274b-4042-9c90-9522e62a979d_0075.jpg,clopidogrel,train
train/clopidogrel/clopidogrel_0d010775-1160-4b2e-a928-563a02edd191_0125.jpg,clopidogrel,train
train/clopidogrel/clopidogrel_2969deac-274b-4042-9c90-9522e62a979d_0087.jpg,clopidogrel,train
train/clopidogrel/clopidogrel_b5aa951f-72de-bea1-98a2-a4085c64a361_0115.jpg,clopidogrel,train
train/clopidogrel/clopidogrel_2969deac-274b-4042-9c90-9522e62a979d_0077.jpg,clopidogrel,train
train/clopidogrel/clopidogrel_edae8df1-caf9-ff72-1304-5ae8b355f8e7_0095.jpg,clopidogrel,train
train/clopidogrel/clopidogrel_4cd07a3c-9673-4aa0-b76a-d79df2399ee1_0104.jpg,clopidogrel,train
train/clopidogrel/clopidogrel_84bb2c2c-4c41-4aa4-a52b-3d6eed794ada_0005.jpg,clopidogrel,train
train/clopidogrel/clopidogrel_c03a895c-2d74-4d7f-891f-b752ce409b68_0030.jpg,clopidogrel,train
train/clopidogrel/clopidogrel_edae8df1-caf9-ff72-1304-5ae8b355f8e7_0090.jpg,clopidogrel,train
train/clopidogrel/clopidogrel_333c7992-d481-b7d4-404f-9a49c85b6331_0058.jpg,clopidogrel,train
train/clopidogrel/clopidogrel_333c7992-d481-b7d4-404f-9a49c85b6331_0057.jpg,clopidogrel,train
train/clopidogrel/clopidogrel_1447a095-c663-4f05-91d4-f09bfc0c3d42_0045.jpg,clopidogrel,train
train/clopidogrel/clopidogrel_1447a095-c663-4f05-91d4-f09bfc0c3d42_0047.jpg,clopidogrel,train
train/clopidogrel/clopidogrel_333c7992-d481-b7d4-404f-9a49c85b6331_0055.jpg,clopidogrel,train
train/clopidogrel/clopidogrel_4cd07a3c-9673-4aa0-b76a-d79df2399ee1_0107.jpg,clopidogrel,train
train/clopidogrel/clopidogrel_0d010775-1160-4b2e-a928-563a02edd191_0129.jpg,clopidogrel,train
train/clopidogrel/clopidogrel_1447a095-c663-4f05-91d4-f09bfc0c3d42_0034.jpg,clopidogrel,train
train/clopidogrel/clopidogrel_3e2539c1-a6ad-4d60-944c-c2e7aa70ce45_0020.jpg,clopidogrel,train
train/clopidogrel/clopidogrel_edae8df1-caf9-ff72-1304-5ae8b355f8e7_0096.jpg,clopidogrel,train
train/clopidogrel/clopidogrel_c03a895c-2d74-4d7f-891f-b752ce409b68_0022.jpg,clopidogrel,train
train/clopidogrel/clopidogrel_669f0bc6-f173-484d-8efe-c006683b25d1_0134.jpg,clopidogrel,train
train/clopidogrel/clopidogrel_2969deac-274b-4042-9c90-9522e62a979d_0078.jpg,clopidogrel,train
train/clopidogrel/clopidogrel_84bb2c2c-4c41-4aa4-a52b-3d6eed794ada_0001.jpg,clopidogrel,train
train/clopidogrel/clopidogrel_4cd07a3c-9673-4aa0-b76a-d79df2399ee1_0110.jpg,clopidogrel,train
train/clopidogrel/clopidogrel_b5aa951f-72de-bea1-98a2-a4085c64a361_0112.jpg,clopidogrel,train
train/clopidogrel/clopidogrel_2969deac-274b-4042-9c90-9522e62a979d_0080.jpg,clopidogrel,train
train/clopidogrel/clopidogrel_dc7d0eec-733f-4fb5-a122-f58926fb7418_0073.jpg,clopidogrel,train
train/clopidogrel/clopidogrel_3e2539c1-a6ad-4d60-944c-c2e7aa70ce45_0013.jpg,clopidogrel,train
train/clopidogrel/clopidogrel_d072b6ea-2bb4-8965-918e-23f9080efcb0_0065.jpg,clopidogrel,train
train/clopidogrel/clopidogrel_d072b6ea-2bb4-8965-918e-23f9080efcb0_0061.jpg,clopidogrel,train
train/clopidogrel/clopidogrel_0d010775-1160-4b2e-a928-563a02edd191_0124.jpg,clopidogrel,train
train/clopidogrel/clopidogrel_b5aa951f-72de-bea1-98a2-a4085c64a361_0118.jpg,clopidogrel,train
train/clopidogrel/clopidogrel_1447a095-c663-4f05-91d4-f09bfc0c3d42_0037.jpg,clopidogrel,train
train/clopidogrel/clopidogrel_3e2539c1-a6ad-4d60-944c-c2e7aa70ce45_0016.jpg,clopidogrel,train
train/clopidogrel/clopidogrel_669f0bc6-f173-484d-8efe-c006683b25d1_0136.jpg,clopidogrel,train
train/clopidogrel/clopidogrel_3e2539c1-a6ad-4d60-944c-c2e7aa70ce45_0019.jpg,clopidogrel,train
train/clopidogrel/clopidogrel_669f0bc6-f173-484d-8efe-c006683b25d1_0141.jpg,clopidogrel,train
train/clopidogrel/clopidogrel_4cd07a3c-9673-4aa0-b76a-d79df2399ee1_0101.jpg,clopidogrel,train
train/clopidogrel/clopidogrel_1447a095-c663-4f05-91d4-f09bfc0c3d42_0039.jpg,clopidogrel,train
train/clopidogrel/clopidogrel_4cd07a3c-9673-4aa0-b76a-d79df2399ee1_0103.jpg,clopidogrel,train
train/clopidogrel/clopidogrel_669f0bc6-f173-484d-8efe-c006683b25d1_0138.jpg,clopidogrel,train
train/clopidogrel/clopidogrel_b5aa951f-72de-bea1-98a2-a4085c64a361_0116.jpg,clopidogrel,train
train/clopidogrel/clopidogrel_4cd07a3c-9673-4aa0-b76a-d79df2399ee1_0109.jpg,clopidogrel,train
train/clopidogrel/clopidogrel_edae8df1-caf9-ff72-1304-5ae8b355f8e7_0099.jpg,clopidogrel,train
train/clopidogrel/clopidogrel_b5aa951f-72de-bea1-98a2-a4085c64a361_0120.jpg,clopidogrel,train
train/clopidogrel/clopidogrel_2969deac-274b-4042-9c90-9522e62a979d_0084.jpg,clopidogrel,train
train/clopidogrel/clopidogrel_4cd07a3c-9673-4aa0-b76a-d79df2399ee1_0102.jpg,clopidogrel,train
train/clopidogrel/clopidogrel_0d010775-1160-4b2e-a928-563a02edd191_0130.jpg,clopidogrel,train
train/clopidogrel/clopidogrel_669f0bc6-f173-484d-8efe-c006683b25d1_0143.jpg,clopidogrel,train
train/clopidogrel/clopidogrel_c03a895c-2d74-4d7f-891f-b752ce409b68_0027.jpg,clopidogrel,train
train/clopidogrel/clopidogrel_4cd07a3c-9673-4aa0-b76a-d79df2399ee1_0111.jpg,clopidogrel,train
train/clopidogrel/clopidogrel_4cd07a3c-9673-4aa0-b76a-d79df2399ee1_0106.jpg,clopidogrel,train
train/clopidogrel/clopidogrel_de8b0b67-eb25-4684-83b5-7ad785314227_0147.jpg,clopidogrel,train
train/clopidogrel/clopidogrel_d072b6ea-2bb4-8965-918e-23f9080efcb0_0067.jpg,clopidogrel,train
train/clopidogrel/clopidogrel_dc7d0eec-733f-4fb5-a122-f58926fb7418_0069.jpg,clopidogrel,train
train/clopidogrel/clopidogrel_edae8df1-caf9-ff72-1304-5ae8b355f8e7_0100.jpg,clopidogrel,train
train/clopidogrel/clopidogrel_1447a095-c663-4f05-91d4-f09bfc0c3d42_0044.jpg,clopidogrel,train
train/clopidogrel/clopidogrel_de8b0b67-eb25-4684-83b5-7ad785314227_0145.jpg,clopidogrel,train
train/clopidogrel/clopidogrel_669f0bc6-f173-484d-8efe-c006683b25d1_0140.jpg,clopidogrel,train
train/clopidogrel/clopidogrel_d072b6ea-2bb4-8965-918e-23f9080efcb0_0062.jpg,clopidogrel,train
train/clopidogrel/clopidogrel_b5aa951f-72de-bea1-98a2-a4085c64a361_0121.jpg,clopidogrel,train
train/clopidogrel/clopidogrel_84bb2c2c-4c41-4aa4-a52b-3d6eed794ada_0008.jpg,clopidogrel,train
train/clopidogrel/clopidogrel_333c7992-d481-b7d4-404f-9a49c85b6331_0053.jpg,clopidogrel,train
train/clopidogrel/clopidogrel_2969deac-274b-4042-9c90-9522e62a979d_0079.jpg,clopidogrel,train
train/clopidogrel/clopidogrel_b5aa951f-72de-bea1-98a2-a4085c64a361_0114.jpg,clopidogrel,train
train/clopidogrel/clopidogrel_0d010775-1160-4b2e-a928-563a02edd191_0131.jpg,clopidogrel,train
train/clopidogrel/clopidogrel_1447a095-c663-4f05-91d4-f09bfc0c3d42_0040.jpg,clopidogrel,train
train/clopidogrel/clopidogrel_84bb2c2c-4c41-4aa4-a52b-3d6eed794ada_0010.jpg,clopidogrel,train
train/clopidogrel/clopidogrel_2969deac-274b-4042-9c90-9522e62a979d_0076.jpg,clopidogrel,train
train/clopidogrel/clopidogrel_d072b6ea-2bb4-8965-918e-23f9080efcb0_0060.jpg,clopidogrel,train
train/clopidogrel/clopidogrel_0d010775-1160-4b2e-a928-563a02edd191_0132.jpg,clopidogrel,train
train/clopidogrel/clopidogrel_dc7d0eec-733f-4fb5-a122-f58926fb7418_0070.jpg,clopidogrel,train
train/clopidogrel/clopidogrel_333c7992-d481-b7d4-404f-9a49c85b6331_0050.jpg,clopidogrel,train
train/clopidogrel/clopidogrel_4cd07a3c-9673-4aa0-b76a-d79df2399ee1_0105.jpg,clopidogrel,train
train/clopidogrel/clopidogrel_c03a895c-2d74-4d7f-891f-b752ce409b68_0029.jpg,clopidogrel,train
train/clopidogrel/clopidogrel_84bb2c2c-4c41-4aa4-a52b-3d6eed794ada_0007.jpg,clopidogrel,train
train/clopidogrel/clopidogrel_0d010775-1160-4b2e-a928-563a02edd191_0133.jpg,clopidogrel,train
train/clopidogrel/clopidogrel_2969deac-274b-4042-9c90-9522e62a979d_0074.jpg,clopidogrel,train
train/clopidogrel/clopidogrel_333c7992-d481-b7d4-404f-9a49c85b6331_0048.jpg,clopidogrel,train
train/clopidogrel/clopidogrel_de8b0b67-eb25-4684-83b5-7ad785314227_0149.jpg,clopidogrel,train
val/clopidogrel/clopidogrel_1447a095-c663-4f05-91d4-f09bfc0c3d42_0042.jpg,clopidogrel,val
val/clopidogrel/clopidogrel_84bb2c2c-4c41-4aa4-a52b-3d6eed794ada_0002.jpg,clopidogrel,val
val/clopidogrel/clopidogrel_b5aa951f-72de-bea1-98a2-a4085c64a361_0113.jpg,clopidogrel,val
val/clopidogrel/clopidogrel_c03a895c-2d74-4d7f-891f-b752ce409b68_0026.jpg,clopidogrel,val
val/clopidogrel/clopidogrel_c03a895c-2d74-4d7f-891f-b752ce409b68_0025.jpg,clopidogrel,val
val/clopidogrel/clopidogrel_dc7d0eec-733f-4fb5-a122-f58926fb7418_0072.jpg,clopidogrel,val
val/clopidogrel/clopidogrel_333c7992-d481-b7d4-404f-9a49c85b6331_0049.jpg,clopidogrel,val
val/clopidogrel/clopidogrel_4cd07a3c-9673-4aa0-b76a-d79df2399ee1_0108.jpg,clopidogrel,val
val/clopidogrel/clopidogrel_333c7992-d481-b7d4-404f-9a49c85b6331_0056.jpg,clopidogrel,val
val/clopidogrel/clopidogrel_edae8df1-caf9-ff72-1304-5ae8b355f8e7_0098.jpg,clopidogrel,val
val/clopidogrel/clopidogrel_0d010775-1160-4b2e-a928-563a02edd191_0123.jpg,clopidogrel,val
val/clopidogrel/clopidogrel_b5aa951f-72de-bea1-98a2-a4085c64a361_0119.jpg,clopidogrel,val
val/clopidogrel/clopidogrel_edae8df1-caf9-ff72-1304-5ae8b355f8e7_0093.jpg,clopidogrel,val
val/clopidogrel/clopidogrel_b5aa951f-72de-bea1-98a2-a4085c64a361_0117.jpg,clopidogrel,val
val/clopidogrel/clopidogrel_de8b0b67-eb25-4684-83b5-7ad785314227_0144.jpg,clopidogrel,val
val/clopidogrel/clopidogrel_2969deac-274b-4042-9c90-9522e62a979d_0082.jpg,clopidogrel,val
val/clopidogrel/clopidogrel_2969deac-274b-4042-9c90-9522e62a979d_0085.jpg,clopidogrel,val
val/clopidogrel/clopidogrel_669f0bc6-f173-484d-8efe-c006683b25d1_0137.jpg,clopidogrel,val
val/clopidogrel/clopidogrel_edae8df1-caf9-ff72-1304-5ae8b355f8e7_0088.jpg,clopidogrel,val
val/clopidogrel/clopidogrel_669f0bc6-f173-484d-8efe-c006683b25d1_0139.jpg,clopidogrel,val
val/clopidogrel/clopidogrel_84bb2c2c-4c41-4aa4-a52b-3d6eed794ada_0003.jpg,clopidogrel,val
val/clopidogrel/clopidogrel_3e2539c1-a6ad-4d60-944c-c2e7aa70ce45_0018.jpg,clopidogrel,val
test/clopidogrel/clopidogrel_1447a095-c663-4f05-91d4-f09bfc0c3d42_0043.jpg,clopidogrel,test
test/clopidogrel/clopidogrel_84bb2c2c-4c41-4aa4-a52b-3d6eed794ada_0009.jpg,clopidogrel,test
test/clopidogrel/clopidogrel_0d010775-1160-4b2e-a928-563a02edd191_0127.jpg,clopidogrel,test
test/clopidogrel/clopidogrel_c03a895c-2d74-4d7f-891f-b752ce409b68_0023.jpg,clopidogrel,test
test/clopidogrel/clopidogrel_1447a095-c663-4f05-91d4-f09bfc0c3d42_0046.jpg,clopidogrel,test
test/clopidogrel/clopidogrel_333c7992-d481-b7d4-404f-9a49c85b6331_0054.jpg,clopidogrel,test
test/clopidogrel/clopidogrel_c03a895c-2d74-4d7f-891f-b752ce409b68_0028.jpg,clopidogrel,test
test/clopidogrel/clopidogrel_d072b6ea-2bb4-8965-918e-23f9080efcb0_0066.jpg,clopidogrel,test
test/clopidogrel/clopidogrel_0d010775-1160-4b2e-a928-563a02edd191_0128.jpg,clopidogrel,test
test/clopidogrel/clopidogrel_3e2539c1-a6ad-4d60-944c-c2e7aa70ce45_0017.jpg,clopidogrel,test
test/clopidogrel/clopidogrel_edae8df1-caf9-ff72-1304-5ae8b355f8e7_0092.jpg,clopidogrel,test
test/clopidogrel/clopidogrel_84bb2c2c-4c41-4aa4-a52b-3d6eed794ada_0004.jpg,clopidogrel,test
test/clopidogrel/clopidogrel_84bb2c2c-4c41-4aa4-a52b-3d6eed794ada_0006.jpg,clopidogrel,test
test/clopidogrel/clopidogrel_d072b6ea-2bb4-8965-918e-23f9080efcb0_0059.jpg,clopidogrel,test
test/clopidogrel/clopidogrel_3e2539c1-a6ad-4d60-944c-c2e7aa70ce45_0012.jpg,clopidogrel,test
test/clopidogrel/clopidogrel_333c7992-d481-b7d4-404f-9a49c85b6331_0051.jpg,clopidogrel,test
test/clopidogrel/clopidogrel_1447a095-c663-4f05-91d4-f09bfc0c3d42_0032.jpg,clopidogrel,test
test/clopidogrel/clopidogrel_2969deac-274b-4042-9c90-9522e62a979d_0086.jpg,clopidogrel,test
test/clopidogrel/clopidogrel_c03a895c-2d74-4d7f-891f-b752ce409b68_0031.jpg,clopidogrel,test
test/clopidogrel/clopidogrel_edae8df1-caf9-ff72-1304-5ae8b355f8e7_0094.jpg,clopidogrel,test
test/clopidogrel/clopidogrel_2969deac-274b-4042-9c90-9522e62a979d_0083.jpg,clopidogrel,test
test/clopidogrel/clopidogrel_edae8df1-caf9-ff72-1304-5ae8b355f8e7_0089.jpg,clopidogrel,test
test/clopidogrel/clopidogrel_1447a095-c663-4f05-91d4-f09bfc0c3d42_0041.jpg,clopidogrel,test
train/furosemide/furosemide_7ecaa5af-d186-4380-b105-e7e528f75cc7_0072.jpg,furosemide,train
train/furosemide/furosemide_cb27654f-c7a1-4796-ab08-60a5fa16f5c0_0026.jpg,furosemide,train
train/furosemide/furosemide_3aadaca7-3661-4bfe-87f8-6368e4ab6536_0082.jpg,furosemide,train
train/furosemide/furosemide_53c3f50f-57c6-441b-afea-ec43d7943d1a_0137.jpg,furosemide,train
train/furosemide/furosemide_37457273-38a1-f938-e063-6294a90a50ab_0142.jpg,furosemide,train
train/furosemide/furosemide_cb27654f-c7a1-4796-ab08-60a5fa16f5c0_0039.jpg,furosemide,train
train/furosemide/furosemide_37457273-38a1-f938-e063-6294a90a50ab_0143.jpg,furosemide,train
train/furosemide/furosemide_e20257f6-7cfe-43fa-a672-cc1cb312b83a_0127.jpg,furosemide,train
train/furosemide/furosemide_7842eeab-decf-47e7-9134-0add90549a3d_0096.jpg,furosemide,train
train/furosemide/furosemide_d75ba8bd-9494-4306-8443-9c1a90992dd5_0122.jpg,furosemide,train
train/furosemide/furosemide_85375079-a9f1-42d4-8e15-c1d31395b29d_0099.jpg,furosemide,train
train/furosemide/furosemide_4227fab8-a64a-1c9e-e063-6294a90a0682_0091.jpg,furosemide,train
train/furosemide/furosemide_3745be12-ea1d-f450-e063-6294a90a148c_0148.jpg,furosemide,train
train/furosemide/furosemide_c71371a7-75c5-45b8-b762-8d782d4c71bc_0114.jpg,furosemide,train
train/furosemide/furosemide_d8407b0e-7838-4ab6-b9dd-1f7ecf1e0a17_0124.jpg,furosemide,train
train/furosemide/furosemide_cb27654f-c7a1-4796-ab08-60a5fa16f5c0_0022.jpg,furosemide,train
train/furosemide/furosemide_3d312ab0-589c-427b-84da-18887244bfc9_0139.jpg,furosemide,train
train/furosemide/furosemide_3745be12-ea1d-f450-e063-6294a90a148c_0149.jpg,furosemide,train
train/furosemide/furosemide_3f6529fb-1173-ada3-e063-6294a90a76cb_0086.jpg,furosemide,train
train/furosemide/furosemide_43053bf7-9050-dba8-e063-6294a90a7174_0093.jpg,furosemide,train
train/furosemide/furosemide_cb27654f-c7a1-4796-ab08-60a5fa16f5c0_0019.jpg,furosemide,train
train/furosemide/furosemide_421aa6d5-623b-4dc2-abd5-bb9e7765bf37_0067.jpg,furosemide,train
train/furosemide/furosemide_cb27654f-c7a1-4796-ab08-60a5fa16f5c0_0016.jpg,furosemide,train
train/furosemide/furosemide_6864b3f6-c5ad-4588-ad04-5260258c6d8c_0003.jpg,furosemide,train
train/furosemide/furosemide_cb27654f-c7a1-4796-ab08-60a5fa16f5c0_0008.jpg,furosemide,train
train/furosemide/furosemide_cb27654f-c7a1-4796-ab08-60a5fa16f5c0_0046.jpg,furosemide,train
train/furosemide/furosemide_a9853417-0442-4f53-9543-e0749bc3c80d_0108.jpg,furosemide,train
train/furosemide/furosemide_a9853417-0442-4f53-9543-e0749bc3c80d_0107.jpg,furosemide,train
train/furosemide/furosemide_cb27654f-c7a1-4796-ab08-60a5fa16f5c0_0014.jpg,furosemide,train
train/furosemide/furosemide_cb27654f-c7a1-4796-ab08-60a5fa16f5c0_0013.jpg,furosemide,train
train/furosemide/furosemide_3aadaca7-3661-4bfe-87f8-6368e4ab6536_0080.jpg,furosemide,train
train/furosemide/furosemide_421aa6d5-623b-4dc2-abd5-bb9e7765bf37_0066.jpg,furosemide,train
train/furosemide/furosemide_cb27654f-c7a1-4796-ab08-60a5fa16f5c0_0037.jpg,furosemide,train
train/furosemide/furosemide_5d7eb469-2371-4abb-8f49-be1596f10f27_0095.jpg,furosemide,train
train/furosemide/furosemide_c81d313c-65a3-4fb5-b6cd-b1c1ec7dca03_0119.jpg,furosemide,train
train/furosemide/furosemide_3f3248cd-d62f-49ca-8788-f059e8facd91_0084.jpg,furosemide,train
train/furosemide/furosemide_cb27654f-c7a1-4796-ab08-60a5fa16f5c0_0045.jpg,furosemide,train
train/furosemide/furosemide_3d312ab0-589c-427b-84da-18887244bfc9_0141.jpg,furosemide,train
train/furosemide/furosemide_7ecaa5af-d186-4380-b105-e7e528f75cc7_0068.jpg,furosemide,train
train/furosemide/furosemide_cb27654f-c7a1-4796-ab08-60a5fa16f5c0_0031.jpg,furosemide,train
train/furosemide/furosemide_cb27654f-c7a1-4796-ab08-60a5fa16f5c0_0050.jpg,furosemide,train
train/furosemide/furosemide_2c9b4d8f-0770-482d-a9e6-9c616a440b1a_0134.jpg,furosemide,train
train/furosemide/furosemide_7ecaa5af-d186-4380-b105-e7e528f75cc7_0069.jpg,furosemide,train
train/furosemide/furosemide_cb27654f-c7a1-4796-ab08-60a5fa16f5c0_0059.jpg,furosemide,train
train/furosemide/furosemide_6194face-c26c-46ed-bde7-1e29bfeabd88_0129.jpg,furosemide,train
train/furosemide/furosemide_37457273-38a1-f938-e063-6294a90a50ab_0144.jpg,furosemide,train
train/furosemide/furosemide_cb27654f-c7a1-4796-ab08-60a5fa16f5c0_0007.jpg,furosemide,train
train/furosemide/furosemide_cb27654f-c7a1-4796-ab08-60a5fa16f5c0_0052.jpg,furosemide,train
train/furosemide/furosemide_3aadaca7-3661-4bfe-87f8-6368e4ab6536_0083.jpg,furosemide,train
train/furosemide/furosemide_cb27654f-c7a1-4796-ab08-60a5fa16f5c0_0017.jpg,furosemide,train
train/furosemide/furosemide_3eed4bbf-7d0e-e852-e063-6394a90a85c2_0138.jpg,furosemide,train
train/furosemide/furosemide_cb27654f-c7a1-4796-ab08-60a5fa16f5c0_0030.jpg,furosemide,train
train/furosemide/furosemide_d8407b0e-7838-4ab6-b9dd-1f7ecf1e0a17_0123.jpg,furosemide,train
train/furosemide/furosemide_cb27654f-c7a1-4796-ab08-60a5fa16f5c0_0054.jpg,furosemide,train
train/furosemide/furosemide_cb27654f-c7a1-4796-ab08-60a5fa16f5c0_0032.jpg,furosemide,train
train/furosemide/furosemide_2590ebb6-ce2a-4e23-9244-e54e3010d488_0078.jpg,furosemide,train
train/furosemide/furosemide_15e4c3a3-7d64-471e-bfdf-6156731e24aa_0073.jpg,furosemide,train
train/furosemide/furosemide_2590ebb6-ce2a-4e23-9244-e54e3010d488_0077.jpg,furosemide,train
train/furosemide/furosemide_cb27654f-c7a1-4796-ab08-60a5fa16f5c0_0027.jpg,furosemide,train
train/furosemide/furosemide_cb27654f-c7a1-4796-ab08-60a5fa16f5c0_0044.jpg,furosemide,train
train/furosemide/furosemide_3745be12-ea1d-f450-e063-6294a90a148c_0146.jpg,furosemide,train
train/furosemide/furosemide_cb27654f-c7a1-4796-ab08-60a5fa16f5c0_0060.jpg,furosemide,train
train/furosemide/furosemide_cb27654f-c7a1-4796-ab08-60a5fa16f5c0_0009.jpg,furosemide,train
train/furosemide/furosemide_cb27654f-c7a1-4796-ab08-60a5fa16f5c0_0011.jpg,furosemide,train
train/furosemide/furosemide_cb27654f-c7a1-4796-ab08-60a5fa16f5c0_0040.jpg,furosemide,train
train/furosemide/furosemide_cb27654f-c7a1-4796-ab08-60a5fa16f5c0_0042.jpg,furosemide,train
train/furosemide/furosemide_6194face-c26c-46ed-bde7-1e29bfeabd88_0128.jpg,furosemide,train
train/furosemide/furosemide_53c3f50f-57c6-441b-afea-ec43d7943d1a_0136.jpg,furosemide,train
train/furosemide/furosemide_2c9b4d8f-0770-482d-a9e6-9c616a440b1a_0135.jpg,furosemide,train
train/furosemide/furosemide_cb27654f-c7a1-4796-ab08-60a5fa16f5c0_0033.jpg,furosemide,train
train/furosemide/furosemide_cb27654f-c7a1-4796-ab08-60a5fa16f5c0_0057.jpg,furosemide,train
train/furosemide/furosemide_cb27654f-c7a1-4796-ab08-60a5fa16f5c0_0047.jpg,furosemide,train
train/furosemide/furosemide_3f6529fb-1173-ada3-e063-6294a90a76cb_0087.jpg,furosemide,train
train/furosemide/furosemide_ac64c926-88e9-453a-884c-72ec6a1c746a_0110.jpg,furosemide,train
train/furosemide/furosemide_cb27654f-c7a1-4796-ab08-60a5fa16f5c0_0036.jpg,furosemide,train
train/furosemide/furosemide_421aa6d5-623b-4dc2-abd5-bb9e7765bf37_0062.jpg,furosemide,train
train/furosemide/furosemide_8f56d6f6-a5ea-4171-9e24-d2fdb11a65f8_0131.jpg,furosemide,train
train/furosemide/furosemide_c71371a7-75c5-45b8-b762-8d782d4c71bc_0117.jpg,furosemide,train
train/furosemide/furosemide_cb27654f-c7a1-4796-ab08-60a5fa16f5c0_0038.jpg,furosemide,train
train/furosemide/furosemide_cb27654f-c7a1-4796-ab08-60a5fa16f5c0_0048.jpg,furosemide,train
train/furosemide/furosemide_cb27654f-c7a1-4796-ab08-60a5fa16f5c0_0006.jpg,furosemide,train
train/furosemide/furosemide_4227fab8-a64a-1c9e-e063-6294a90a0682_0089.jpg,furosemide,train
train/furosemide/furosemide_3f3248cd-d62f-49ca-8788-f059e8facd91_0085.jpg,furosemide,train
train/furosemide/furosemide_c71371a7-75c5-45b8-b762-8d782d4c71bc_0111.jpg,furosemide,train
train/furosemide/furosemide_3aadaca7-3661-4bfe-87f8-6368e4ab6536_0081.jpg,furosemide,train
train/furosemide/furosemide_cb27654f-c7a1-4796-ab08-60a5fa16f5c0_0041.jpg,furosemide,train
train/furosemide/furosemide_cb27654f-c7a1-4796-ab08-60a5fa16f5c0_0034.jpg,furosemide,train
train/furosemide/furosemide_cb27654f-c7a1-4796-ab08-60a5fa16f5c0_0029.jpg,furosemide,train
train/furosemide/furosemide_c71371a7-75c5-45b8-b762-8d782d4c71bc_0113.jpg,furosemide,train
train/furosemide/furosemide_421aa6d5-623b-4dc2-abd5-bb9e7765bf37_0061.jpg,furosemide,train
train/furosemide/furosemide_9ad8eb8a-7c65-4746-9c03-1d6136b5892c_0104.jpg,furosemide,train
train/furosemide/furosemide_421aa6d5-623b-4dc2-abd5-bb9e7765bf37_0064.jpg,furosemide,train
train/furosemide/furosemide_cb27654f-c7a1-4796-ab08-60a5fa16f5c0_0020.jpg,furosemide,train
train/furosemide/furosemide_8e0bac29-5a8b-4d4e-93b3-2e21eb3b0650_0100.jpg,furosemide,train
train/furosemide/furosemide_c71371a7-75c5-45b8-b762-8d782d4c71bc_0112.jpg,furosemide,train
train/furosemide/furosemide_8e0bac29-5a8b-4d4e-93b3-2e21eb3b0650_0102.jpg,furosemide,train
train/furosemide/furosemide_37457273-38a1-f938-e063-6294a90a50ab_0145.jpg,furosemide,train
train/furosemide/furosemide_cb27654f-c7a1-4796-ab08-60a5fa16f5c0_0058.jpg,furosemide,train
train/furosemide/furosemide_9ad8eb8a-7c65-4746-9c03-1d6136b5892c_0105.jpg,furosemide,train
train/furosemide/furosemide_8f56d6f6-a5ea-4171-9e24-d2fdb11a65f8_0130.jpg,furosemide,train
train/furosemide/furosemide_43053bf7-9050-dba8-e063-6294a90a7174_0092.jpg,furosemide,train
train/furosemide/furosemide_cb27654f-c7a1-4796-ab08-60a5fa16f5c0_0021.jpg,furosemide,train
train/furosemide/furosemide_2c9b4d8f-0770-482d-a9e6-9c616a440b1a_0133.jpg,furosemide,train
train/furosemide/furosemide_cb27654f-c7a1-4796-ab08-60a5fa16f5c0_0018.jpg,furosemide,train
train/furosemide/furosemide_8e0bac29-5a8b-4d4e-93b3-2e21eb3b0650_0101.jpg,furosemide,train
val/furosemide/furosemide_7842eeab-decf-47e7-9134-0add90549a3d_0097.jpg,furosemide,val
val/furosemide/furosemide_5d7eb469-2371-4abb-8f49-be1596f10f27_0094.jpg,furosemide,val
val/furosemide/furosemide_cb27654f-c7a1-4796-ab08-60a5fa16f5c0_0056.jpg,furosemide,val
val/furosemide/furosemide_cb27654f-c7a1-4796-ab08-60a5fa16f5c0_0028.jpg,furosemide,val
val/furosemide/furosemide_3d312ab0-589c-427b-84da-18887244bfc9_0140.jpg,furosemide,val
val/furosemide/furosemide_2c9b4d8f-0770-482d-a9e6-9c616a440b1a_0132.jpg,furosemide,val
val/furosemide/furosemide_cb27654f-c7a1-4796-ab08-60a5fa16f5c0_0035.jpg,furosemide,val
val/furosemide/furosemide_3aadaca7-3661-4bfe-87f8-6368e4ab6536_0079.jpg,furosemide,val
val/furosemide/furosemide_c71371a7-75c5-45b8-b762-8d782d4c71bc_0115.jpg,furosemide,val
val/furosemide/furosemide_4227fab8-a64a-1c9e-e063-6294a90a0682_0090.jpg,furosemide,val
val/furosemide/furosemide_85375079-a9f1-42d4-8e15-c1d31395b29d_0098.jpg,furosemide,val
val/furosemide/furosemide_7ecaa5af-d186-4380-b105-e7e528f75cc7_0070.jpg,furosemide,val
val/furosemide/furosemide_6864b3f6-c5ad-4588-ad04-5260258c6d8c_0002.jpg,furosemide,val
val/furosemide/furosemide_7ecaa5af-d186-4380-b105-e7e528f75cc7_0071.jpg,furosemide,val
val/furosemide/furosemide_e20257f6-7cfe-43fa-a672-cc1cb312b83a_0126.jpg,furosemide,val
val/furosemide/furosemide_20eecc36-dfb7-0060-e063-6394a90a9d0b_0076.jpg,furosemide,val
val/furosemide/furosemide_9ad8eb8a-7c65-4746-9c03-1d6136b5892c_0103.jpg,furosemide,val
val/furosemide/furosemide_c81d313c-65a3-4fb5-b6cd-b1c1ec7dca03_0118.jpg,furosemide,val
val/furosemide/furosemide_54a33042-a163-4f93-96cc-fbd93030e014_0000.jpg,furosemide,val
val/furosemide/furosemide_54a33042-a163-4f93-96cc-fbd93030e014_0001.jpg,furosemide,val
val/furosemide/furosemide_cb27654f-c7a1-4796-ab08-60a5fa16f5c0_0024.jpg,furosemide,val
val/furosemide/furosemide_d8407b0e-7838-4ab6-b9dd-1f7ecf1e0a17_0125.jpg,furosemide,val
test/furosemide/furosemide_cb27654f-c7a1-4796-ab08-60a5fa16f5c0_0043.jpg,furosemide,test
test/furosemide/furosemide_d75ba8bd-9494-4306-8443-9c1a90992dd5_0120.jpg,furosemide,test
test/furosemide/furosemide_cb27654f-c7a1-4796-ab08-60a5fa16f5c0_0023.jpg,furosemide,test
test/furosemide/furosemide_cb27654f-c7a1-4796-ab08-60a5fa16f5c0_0051.jpg,furosemide,test
test/furosemide/furosemide_cb27654f-c7a1-4796-ab08-60a5fa16f5c0_0005.jpg,furosemide,test
test/furosemide/furosemide_c71371a7-75c5-45b8-b762-8d782d4c71bc_0116.jpg,furosemide,test
test/furosemide/furosemide_cb27654f-c7a1-4796-ab08-60a5fa16f5c0_0049.jpg,furosemide,test
test/furosemide/furosemide_d75ba8bd-9494-4306-8443-9c1a90992dd5_0121.jpg,furosemide,test
test/furosemide/furosemide_cb27654f-c7a1-4796-ab08-60a5fa16f5c0_0025.jpg,furosemide,test
test/furosemide/furosemide_cb27654f-c7a1-4796-ab08-60a5fa16f5c0_0015.jpg,furosemide,test
test/furosemide/furosemide_cb27654f-c7a1-4796-ab08-60a5fa16f5c0_0055.jpg,furosemide,test
test/furosemide/furosemide_a9853417-0442-4f53-9543-e0749bc3c80d_0106.jpg,furosemide,test
test/furosemide/furosemide_20eecc36-dfb7-0060-e063-6394a90a9d0b_0075.jpg,furosemide,test
test/furosemide/furosemide_cb27654f-c7a1-4796-ab08-60a5fa16f5c0_0053.jpg,furosemide,test
test/furosemide/furosemide_cb27654f-c7a1-4796-ab08-60a5fa16f5c0_0004.jpg,furosemide,test
test/furosemide/furosemide_15e4c3a3-7d64-471e-bfdf-6156731e24aa_0074.jpg,furosemide,test
test/furosemide/furosemide_421aa6d5-623b-4dc2-abd5-bb9e7765bf37_0063.jpg,furosemide,test
test/furosemide/furosemide_cb27654f-c7a1-4796-ab08-60a5fa16f5c0_0010.jpg,furosemide,test
test/furosemide/furosemide_cb27654f-c7a1-4796-ab08-60a5fa16f5c0_0012.jpg,furosemide,test
test/furosemide/furosemide_3f6529fb-1173-ada3-e063-6294a90a76cb_0088.jpg,furosemide,test
test/furosemide/furosemide_421aa6d5-623b-4dc2-abd5-bb9e7765bf37_0065.jpg,furosemide,test
test/furosemide/furosemide_3745be12-ea1d-f450-e063-6294a90a148c_0147.jpg,furosemide,test
test/furosemide/furosemide_ac64c926-88e9-453a-884c-72ec6a1c746a_0109.jpg,furosemide,test
train/ibuprofen/ibuprofen_86577bf3-51c6-88e2-e053-2991aa0ac741_0084.jpg,ibuprofen,train
train/ibuprofen/ibuprofen_1c7221ae-52d1-4d18-b586-c47ff656150d_0082.jpg,ibuprofen,train
train/ibuprofen/ibuprofen_44e4e54b-cb40-4b7c-a141-181bde62a69f_0074.jpg,ibuprofen,train
train/ibuprofen/ibuprofen_04ccc4b2-0cfd-3012-e063-6394a90afa79_0009.jpg,ibuprofen,train
train/ibuprofen/ibuprofen_cd3060a5-3b90-42e4-89cd-3b620859045f_0090.jpg,ibuprofen,train
train/ibuprofen/ibuprofen_ce54fc98-5774-4800-e053-2a95a90ad5f7_0007.jpg,ibuprofen,train
train/ibuprofen/ibuprofen_8804564c-9e1b-43c1-8b58-fd6ace645f00_0052.jpg,ibuprofen,train
train/ibuprofen/ibuprofen_4522b794-5c93-44cd-e063-6394a90ab39a_0022.jpg,ibuprofen,train
train/ibuprofen/ibuprofen_97516b9f-219a-429d-850d-1fe9fd66646b_0054.jpg,ibuprofen,train
train/ibuprofen/ibuprofen_88dda062-2b9c-3632-e053-2a95a90a1431_0065.jpg,ibuprofen,train
train/ibuprofen/ibuprofen_4522cb9e-4999-c455-e063-6294a90a294f_0023.jpg,ibuprofen,train
train/ibuprofen/ibuprofen_560e4e05-21e0-4b2a-ab2f-872b5dbb3901_0047.jpg,ibuprofen,train
train/ibuprofen/ibuprofen_0759085d-6ac3-446b-ac2c-8dc30e32e1d1_0093.jpg,ibuprofen,train
train/ibuprofen/ibuprofen_44f278ac-6bf9-6aef-e063-6394a90a0bb6_0034.jpg,ibuprofen,train
train/ibuprofen/ibuprofen_1afcf0c6-bd41-4621-9e44-d97b81221c12_0112.jpg,ibuprofen,train
train/ibuprofen/ibuprofen_3ff501eb-5ae3-8824-e063-6394a90ac58e_0071.jpg,ibuprofen,train
train/ibuprofen/ibuprofen_560e4e05-21e0-4b2a-ab2f-872b5dbb3901_0049.jpg,ibuprofen,train
train/ibuprofen/ibuprofen_40071818-5bf0-095b-e063-6294a90ad58a_0148.jpg,ibuprofen,train
train/ibuprofen/ibuprofen_3ff33400-30e8-87fa-e063-6394a90a7f5c_0145.jpg,ibuprofen,train
train/ibuprofen/ibuprofen_1a02fa34-b5ae-7183-e063-6294a90a3ae4_0103.jpg,ibuprofen,train
train/ibuprofen/ibuprofen_4522cb9e-4999-c455-e063-6294a90a294f_0024.jpg,ibuprofen,train
train/ibuprofen/ibuprofen_1afcf0c6-bd41-4621-9e44-d97b81221c12_0113.jpg,ibuprofen,train
train/ibuprofen/ibuprofen_1a02fa34-b5ae-7183-e063-6294a90a3ae4_0101.jpg,ibuprofen,train
train/ibuprofen/ibuprofen_fc6c29b4-f1b3-4cfe-8c96-564d083be39c_0005.jpg,ibuprofen,train
train/ibuprofen/ibuprofen_1a02fa34-b5ae-7183-e063-6294a90a3ae4_0097.jpg,ibuprofen,train
train/ibuprofen/ibuprofen_b6a6c940-daf6-4e0e-aefb-35cce87a9a55_0013.jpg,ibuprofen,train
train/ibuprofen/ibuprofen_954d0436-b681-4bf5-80ec-0de9ddcab994_0031.jpg,ibuprofen,train
train/ibuprofen/ibuprofen_88dd304f-1c64-08e3-e053-2a95a90a596f_0075.jpg,ibuprofen,train
train/ibuprofen/ibuprofen_86577bf3-51c6-88e2-e053-2991aa0ac741_0085.jpg,ibuprofen,train
train/ibuprofen/ibuprofen_3ff33400-30e8-87fa-e063-6394a90a7f5c_0138.jpg,ibuprofen,train
train/ibuprofen/ibuprofen_3802ebc9-83ca-602a-e063-6294a90a11c8_0068.jpg,ibuprofen,train
train/ibuprofen/ibuprofen_20078671-536f-4b0b-a079-f90ac186a670_0119.jpg,ibuprofen,train
train/ibuprofen/ibuprofen_3ff33400-30e8-87fa-e063-6394a90a7f5c_0143.jpg,ibuprofen,train
train/ibuprofen/ibuprofen_1a2182df-4339-442d-9c61-98c8b01e36fa_0030.jpg,ibuprofen,train
train/ibuprofen/ibuprofen_45223597-0ea8-b275-e063-6394a90a8412_0019.jpg,ibuprofen,train
train/ibuprofen/ibuprofen_1a02fa34-b5ae-7183-e063-6294a90a3ae4_0099.jpg,ibuprofen,train
train/ibuprofen/ibuprofen_3ff33400-30e8-87fa-e063-6394a90a7f5c_0139.jpg,ibuprofen,train
train/ibuprofen/ibuprofen_3ff33400-30e8-87fa-e063-6394a90a7f5c_0133.jpg,ibuprofen,train
train/ibuprofen/ibuprofen_8f9f42a7-c2d8-4a51-e053-2a95a90a1677_0079.jpg,ibuprofen,train
train/ibuprofen/ibuprofen_8804564c-9e1b-43c1-8b58-fd6ace645f00_0051.jpg,ibuprofen,train
train/ibuprofen/ibuprofen_15b0b56d-6188-4937-b541-902022e35b24_0094.jpg,ibuprofen,train
train/ibuprofen/ibuprofen_97516b9f-219a-429d-850d-1fe9fd66646b_0058.jpg,ibuprofen,train
train/ibuprofen/ibuprofen_71b5b2a2-397e-4dcb-b0c7-ef08df4337e0_0064.jpg,ibuprofen,train
train/ibuprofen/ibuprofen_4522cb9e-4999-c455-e063-6294a90a294f_0025.jpg,ibuprofen,train
train/ibuprofen/ibuprofen_3ff501eb-5ae3-8824-e063-6394a90ac58e_0069.jpg,ibuprofen,train
train/ibuprofen/ibuprofen_47711610-6577-4805-a2ce-cf9b7cbfa812_0061.jpg,ibuprofen,train
train/ibuprofen/ibuprofen_44f609dd-c868-493f-e063-6294a90a7138_0043.jpg,ibuprofen,train
train/ibuprofen/ibuprofen_71b5b2a2-397e-4dcb-b0c7-ef08df4337e0_0063.jpg,ibuprofen,train
train/ibuprofen/ibuprofen_2f12a20c-4293-d18a-e063-6294a90a3afc_0126.jpg,ibuprofen,train
train/ibuprofen/ibuprofen_8f9f308f-0ca5-12fa-e053-2995a90a47fc_0073.jpg,ibuprofen,train
train/ibuprofen/ibuprofen_8804564c-9e1b-43c1-8b58-fd6ace645f00_0050.jpg,ibuprofen,train
train/ibuprofen/ibuprofen_1a2182df-4339-442d-9c61-98c8b01e36fa_0029.jpg,ibuprofen,train
train/ibuprofen/ibuprofen_45223597-0ea8-b275-e063-6394a90a8412_0018.jpg,ibuprofen,train
train/ibuprofen/ibuprofen_44f5743f-8c98-dc4d-e063-6294a90a6dfa_0039.jpg,ibuprofen,train
train/ibuprofen/ibuprofen_97516b9f-219a-429d-850d-1fe9fd66646b_0056.jpg,ibuprofen,train
train/ibuprofen/ibuprofen_17b3ca97-1bd6-4e76-a47f-2e35ef36b707_0095.jpg,ibuprofen,train
train/ibuprofen/ibuprofen_1a02fa34-b5ae-7183-e063-6294a90a3ae4_0108.jpg,ibuprofen,train
train/ibuprofen/ibuprofen_8f9f40f5-625d-3f2e-e053-2a95a90a438b_0078.jpg,ibuprofen,train
train/ibuprofen/ibuprofen_b6a6c940-daf6-4e0e-aefb-35cce87a9a55_0012.jpg,ibuprofen,train
train/ibuprofen/ibuprofen_44f5743f-8c98-dc4d-e063-6294a90a6dfa_0036.jpg,ibuprofen,train
train/ibuprofen/ibuprofen_3ff33400-30e8-87fa-e063-6394a90a7f5c_0131.jpg,ibuprofen,train
train/ibuprofen/ibuprofen_97516b9f-219a-429d-850d-1fe9fd66646b_0055.jpg,ibuprofen,train
train/ibuprofen/ibuprofen_44f609dd-c868-493f-e063-6294a90a7138_0040.jpg,ibuprofen,train
train/ibuprofen/ibuprofen_3ff33400-30e8-87fa-e063-6394a90a7f5c_0140.jpg,ibuprofen,train
train/ibuprofen/ibuprofen_fc6c29b4-f1b3-4cfe-8c96-564d083be39c_0006.jpg,ibuprofen,train
train/ibuprofen/ibuprofen_44f278ac-6bf9-6aef-e063-6394a90a0bb6_0032.jpg,ibuprofen,train
train/ibuprofen/ibuprofen_45253158-026f-eae3-e063-6294a90a6707_0026.jpg,ibuprofen,train
train/ibuprofen/ibuprofen_1a02fa34-b5ae-7183-e063-6294a90a3ae4_0096.jpg,ibuprofen,train
train/ibuprofen/ibuprofen_20078671-536f-4b0b-a079-f90ac186a670_0120.jpg,ibuprofen,train
train/ibuprofen/ibuprofen_04ccc4b2-0cfd-3012-e063-6394a90afa79_0008.jpg,ibuprofen,train
train/ibuprofen/ibuprofen_20078671-536f-4b0b-a079-f90ac186a670_0118.jpg,ibuprofen,train
train/ibuprofen/ibuprofen_88dd304f-1c64-08e3-e053-2a95a90a596f_0076.jpg,ibuprofen,train
train/ibuprofen/ibuprofen_3ff501eb-5ae3-8824-e063-6394a90ac58e_0070.jpg,ibuprofen,train
train/ibuprofen/ibuprofen_030d9bca-a934-6ef9-e063-6394a90a8277_0045.jpg,ibuprofen,train
train/ibuprofen/ibuprofen_410f7320-4caa-8f88-e063-6394a90acf93_0149.jpg,ibuprofen,train
train/ibuprofen/ibuprofen_15f63d40-276c-4c02-9f8c-0354e4779916_0067.jpg,ibuprofen,train
train/ibuprofen/ibuprofen_44f5743f-8c98-dc4d-e063-6294a90a6dfa_0037.jpg,ibuprofen,train
train/ibuprofen/ibuprofen_b6a6c940-daf6-4e0e-aefb-35cce87a9a55_0015.jpg,ibuprofen,train
train/ibuprofen/ibuprofen_c447fc6b-e9ef-447a-9609-5f893e18dfa7_0080.jpg,ibuprofen,train
train/ibuprofen/ibuprofen_20078671-536f-4b0b-a079-f90ac186a670_0117.jpg,ibuprofen,train
train/ibuprofen/ibuprofen_1a02fa34-b5ae-7183-e063-6294a90a3ae4_0105.jpg,ibuprofen,train
train/ibuprofen/ibuprofen_3a02af7e-7e69-45a6-97d7-ddc7d92b28b3_0128.jpg,ibuprofen,train
train/ibuprofen/ibuprofen_1afcf0c6-bd41-4621-9e44-d97b81221c12_0110.jpg,ibuprofen,train
train/ibuprofen/ibuprofen_8f9f099a-ee59-0b9a-e053-2a95a90a2fe1_0077.jpg,ibuprofen,train
train/ibuprofen/ibuprofen_216e5600-56b4-44b0-88b7-69adfb245802_0122.jpg,ibuprofen,train
train/ibuprofen/ibuprofen_25f9531b-e674-4c72-af42-ea0ad0a4a706_0000.jpg,ibuprofen,train
train/ibuprofen/ibuprofen_1be33b4f-4987-580f-e063-6294a90a3103_0114.jpg,ibuprofen,train
train/ibuprofen/ibuprofen_afa87bb5-7fcb-4ccd-acac-f7931242181f_0087.jpg,ibuprofen,train
train/ibuprofen/ibuprofen_3ff33400-30e8-87fa-e063-6394a90a7f5c_0136.jpg,ibuprofen,train
train/ibuprofen/ibuprofen_3ff33400-30e8-87fa-e063-6394a90a7f5c_0144.jpg,ibuprofen,train
train/ibuprofen/ibuprofen_3ff33400-30e8-87fa-e063-6394a90a7f5c_0142.jpg,ibuprofen,train
train/ibuprofen/ibuprofen_bcf7d4c1-1f99-48df-8f74-9abeefa8d41d_0088.jpg,ibuprofen,train
train/ibuprofen/ibuprofen_97516b9f-219a-429d-850d-1fe9fd66646b_0057.jpg,ibuprofen,train
train/ibuprofen/ibuprofen_b6a6c940-daf6-4e0e-aefb-35cce87a9a55_0016.jpg,ibuprofen,train
train/ibuprofen/ibuprofen_68d3be55-9340-4cc9-a05a-12b9338ddc56_0083.jpg,ibuprofen,train
train/ibuprofen/ibuprofen_04ccc4b2-0cfd-3012-e063-6394a90afa79_0010.jpg,ibuprofen,train
train/ibuprofen/ibuprofen_44f5743f-8c98-dc4d-e063-6294a90a6dfa_0038.jpg,ibuprofen,train
train/ibuprofen/ibuprofen_1dba3cb7-2e3d-4378-93cf-92db8f24f41f_0116.jpg,ibuprofen,train
train/ibuprofen/ibuprofen_bf7d0929-a7d5-4164-9c24-566eddcd6489_0089.jpg,ibuprofen,train
train/ibuprofen/ibuprofen_1be33b4f-4987-580f-e063-6294a90a3103_0115.jpg,ibuprofen,train
train/ibuprofen/ibuprofen_3ff33400-30e8-87fa-e063-6394a90a7f5c_0130.jpg,ibuprofen,train
train/ibuprofen/ibuprofen_44f609dd-c868-493f-e063-6294a90a7138_0041.jpg,ibuprofen,train
train/ibuprofen/ibuprofen_2f12a20c-4293-d18a-e063-6294a90a3afc_0127.jpg,ibuprofen,train
train/ibuprofen/ibuprofen_1a02fa34-b5ae-7183-e063-6294a90a3ae4_0106.jpg,ibuprofen,train
train/ibuprofen/ibuprofen_216e5600-56b4-44b0-88b7-69adfb245802_0121.jpg,ibuprofen,train
val/ibuprofen/ibuprofen_1afcf0c6-bd41-4621-9e44-d97b81221c12_0111.jpg,ibuprofen,val
val/ibuprofen/ibuprofen_b6a6c940-daf6-4e0e-aefb-35cce87a9a55_0011.jpg,ibuprofen,val
val/ibuprofen/ibuprofen_88dda062-2b9c-3632-e053-2a95a90a1431_0066.jpg,ibuprofen,val
val/ibuprofen/ibuprofen_137a0290-822a-842d-e063-6294a90a5c18_0027.jpg,ibuprofen,val
val/ibuprofen/ibuprofen_3ff33400-30e8-87fa-e063-6394a90a7f5c_0135.jpg,ibuprofen,val
val/ibuprofen/ibuprofen_89ed9311-2185-4660-b219-9ea67b1a71ec_0086.jpg,ibuprofen,val
val/ibuprofen/ibuprofen_40071818-5bf0-095b-e063-6294a90ad58a_0146.jpg,ibuprofen,val
val/ibuprofen/ibuprofen_1a02fa34-b5ae-7183-e063-6294a90a3ae4_0109.jpg,ibuprofen,val
val/ibuprofen/ibuprofen_d1f20e10-0128-f2e5-1a03-6da5d7288a4e_0091.jpg,ibuprofen,val
val/ibuprofen/ibuprofen_3ff33400-30e8-87fa-e063-6394a90a7f5c_0141.jpg,ibuprofen,val
val/ibuprofen/ibuprofen_4522b794-5c93-44cd-e063-6394a90ab39a_0020.jpg,ibuprofen,val
val/ibuprofen/ibuprofen_44f609dd-c868-493f-e063-6294a90a7138_0042.jpg,ibuprofen,val
val/ibuprofen/ibuprofen_44f278ac-6bf9-6aef-e063-6394a90a0bb6_0033.jpg,ibuprofen,val
val/ibuprofen/ibuprofen_1a02fa34-b5ae-7183-e063-6294a90a3ae4_0104.jpg,ibuprofen,val
val/ibuprofen/ibuprofen_3ff33400-30e8-87fa-e063-6394a90a7f5c_0129.jpg,ibuprofen,val
val/ibuprofen/ibuprofen_4522b794-5c93-44cd-e063-6394a90ab39a_0021.jpg,ibuprofen,val
val/ibuprofen/ibuprofen_260f5862-d65d-4c34-bf53-26ca30806a67_0125.jpg,ibuprofen,val
val/ibuprofen/ibuprofen_45223597-0ea8-b275-e063-6394a90a8412_0017.jpg,ibuprofen,val
val/ibuprofen/ibuprofen_3ff33400-30e8-87fa-e063-6394a90a7f5c_0132.jpg,ibuprofen,val
val/ibuprofen/ibuprofen_246cf64a-162d-47a4-910a-9fb0b9be3dd1_0046.jpg,ibuprofen,val
val/ibuprofen/ibuprofen_4573753d-117b-a6f2-e063-6394a90ae2f9_0002.jpg,ibuprofen,val
val/ibuprofen/ibuprofen_fbc7fb61-d295-464b-9f3b-52262ed6f31a_0004.jpg,ibuprofen,val
test/ibuprofen/ibuprofen_3ff501eb-5ae3-8824-e063-6394a90ac58e_0072.jpg,ibuprofen,test
test/ibuprofen/ibuprofen_3ff33400-30e8-87fa-e063-6394a90a7f5c_0134.jpg,ibuprofen,test
test/ibuprofen/ibuprofen_c3be5923-9299-49b0-a455-e0c1c86985a8_0060.jpg,ibuprofen,test
test/ibuprofen/ibuprofen_44f278ac-6bf9-6aef-e063-6394a90a0bb6_0035.jpg,ibuprofen,test
test/ibuprofen/ibuprofen_22102461-0196-4ef0-aef4-66997d74d118_0124.jpg,ibuprofen,test
test/ibuprofen/ibuprofen_87ffbf01-54de-45a8-b2a3-367d21927882_0003.jpg,ibuprofen,test
test/ibuprofen/ibuprofen_8804564c-9e1b-43c1-8b58-fd6ace645f00_0053.jpg,ibuprofen,test
test/ibuprofen/ibuprofen_3ff33400-30e8-87fa-e063-6394a90a7f5c_0137.jpg,ibuprofen,test
test/ibuprofen/ibuprofen_1a02fa34-b5ae-7183-e063-6294a90a3ae4_0107.jpg,ibuprofen,test
test/ibuprofen/ibuprofen_1a02fa34-b5ae-7183-e063-6294a90a3ae4_0098.jpg,ibuprofen,test
test/ibuprofen/ibuprofen_22102461-0196-4ef0-aef4-66997d74d118_0123.jpg,ibuprofen,test
test/ibuprofen/ibuprofen_b6a6c940-daf6-4e0e-aefb-35cce87a9a55_0014.jpg,ibuprofen,test
test/ibuprofen/ibuprofen_137a0290-822a-842d-e063-6294a90a5c18_0028.jpg,ibuprofen,test
test/ibuprofen/ibuprofen_560e4e05-21e0-4b2a-ab2f-872b5dbb3901_0048.jpg,ibuprofen,test
test/ibuprofen/ibuprofen_1a02fa34-b5ae-7183-e063-6294a90a3ae4_0102.jpg,ibuprofen,test
test/ibuprofen/ibuprofen_1c18a2da-1718-4c00-aea8-9fb4a3418312_0081.jpg,ibuprofen,test
test/ibuprofen/ibuprofen_dd9aaf80-6c2b-41a3-87b9-61642aaed4f0_0092.jpg,ibuprofen,test
test/ibuprofen/ibuprofen_25f9531b-e674-4c72-af42-ea0ad0a4a706_0001.jpg,ibuprofen,test
test/ibuprofen/ibuprofen_030d9bca-a934-6ef9-e063-6394a90a8277_0044.jpg,ibuprofen,test
test/ibuprofen/ibuprofen_47711610-6577-4805-a2ce-cf9b7cbfa812_0062.jpg,ibuprofen,test
test/ibuprofen/ibuprofen_40071818-5bf0-095b-e063-6294a90ad58a_0147.jpg,ibuprofen,test
test/ibuprofen/ibuprofen_97516b9f-219a-429d-850d-1fe9fd66646b_0059.jpg,ibuprofen,test
test/ibuprofen/ibuprofen_1a02fa34-b5ae-7183-e063-6294a90a3ae4_0100.jpg,ibuprofen,test
train/levothyroxine/levothyroxine_bf8a952c-f05b-4814-b55a-ed04be015269_0107.jpg,levothyroxine,train
train/levothyroxine/levothyroxine_817656c7-3b6d-4f94-83e6-dec9e0d35c84_0140.jpg,levothyroxine,train
train/levothyroxine/levothyroxine_4ddcaec1-a58f-340b-9bc1-bbe048b8c885_0029.jpg,levothyroxine,train
train/levothyroxine/levothyroxine_40fa228f-9bfc-fc71-e063-6394a90a9ab6_0066.jpg,levothyroxine,train
train/levothyroxine/levothyroxine_a6233381-3043-4e9a-aaa6-a6b105e5142b_0080.jpg,levothyroxine,train
train/levothyroxine/levothyroxine_48c29432-a36c-4787-a05f-8d25a0abcc37_0076.jpg,levothyroxine,train
train/levothyroxine/levothyroxine_31a31756-68aa-4e01-bbb1-9d181f8d9181_0122.jpg,levothyroxine,train
train/levothyroxine/levothyroxine_00a4fc0b-7162-455e-8ed3-56efdbbe182e_0062.jpg,levothyroxine,train
train/levothyroxine/levothyroxine_60cadfd7-82b5-4207-97e1-1dd0655efb27_0042.jpg,levothyroxine,train
train/levothyroxine/levothyroxine_8ceeadb4-18be-46c7-9204-68b4edfbb96b_0059.jpg,levothyroxine,train
train/levothyroxine/levothyroxine_31a31756-68aa-4e01-bbb1-9d181f8d9181_0118.jpg,levothyroxine,train
train/levothyroxine/levothyroxine_60cadfd7-82b5-4207-97e1-1dd0655efb27_0043.jpg,levothyroxine,train
train/levothyroxine/levothyroxine_31a31756-68aa-4e01-bbb1-9d181f8d9181_0121.jpg,levothyroxine,train
train/levothyroxine/levothyroxine_3142571d-f253-45e7-adc1-6ca80d34cab1_0130.jpg,levothyroxine,train
train/levothyroxine/levothyroxine_a6233381-3043-4e9a-aaa6-a6b105e5142b_0085.jpg,levothyroxine,train
train/levothyroxine/levothyroxine_c29a417b-95b0-4c9b-85e6-ec884049edb1_0013.jpg,levothyroxine,train
train/levothyroxine/levothyroxine_9ad82faf-3734-42a1-befe-f6197b27f534_0144.jpg,levothyroxine,train
train/levothyroxine/levothyroxine_c7d5b71b-e983-4b1a-bfc2-d2343cf8668c_0019.jpg,levothyroxine,train
train/levothyroxine/levothyroxine_4ddcaec1-a58f-340b-9bc1-bbe048b8c885_0038.jpg,levothyroxine,train
train/levothyroxine/levothyroxine_2eabc9b4-2d5c-44b2-bf05-eb6c3260c1bd_0001.jpg,levothyroxine,train
train/levothyroxine/levothyroxine_2e242b93-bc4f-405a-a194-1981c721ad94_0127.jpg,levothyroxine,train
train/levothyroxine/levothyroxine_ae9954a5-e196-449c-abea-ebe4afbee517_0133.jpg,levothyroxine,train
train/levothyroxine/levothyroxine_3d737f79-7fc9-4221-e063-6394a90ac9aa_0114.jpg,levothyroxine,train
train/levothyroxine/levothyroxine_a6233381-3043-4e9a-aaa6-a6b105e5142b_0091.jpg,levothyroxine,train
train/levothyroxine/levothyroxine_ae9954a5-e196-449c-abea-ebe4afbee517_0135.jpg,levothyroxine,train
train/levothyroxine/levothyroxine_4ddcaec1-a58f-340b-9bc1-bbe048b8c885_0036.jpg,levothyroxine,train
train/levothyroxine/levothyroxine_76139990-1355-cfb6-e053-2991aa0ace5b_0099.jpg,levothyroxine,train
train/levothyroxine/levothyroxine_7a7ade79-0165-4e31-b84e-667416c00c7e_0146.jpg,levothyroxine,train
train/levothyroxine/levothyroxine_a6233381-3043-4e9a-aaa6-a6b105e5142b_0088.jpg,levothyroxine,train
train/levothyroxine/levothyroxine_3b55ab7b-17ec-4854-8bff-ff5dc166cbe1_0007.jpg,levothyroxine,train
train/levothyroxine/levothyroxine_a6233381-3043-4e9a-aaa6-a6b105e5142b_0083.jpg,levothyroxine,train
train/levothyroxine/levothyroxine_d5b005e8-a88d-450b-bbc3-393d885260f5_0011.jpg,levothyroxine,train
train/levothyroxine/levothyroxine_4ddcaec1-a58f-340b-9bc1-bbe048b8c885_0031.jpg,levothyroxine,train
train/levothyroxine/levothyroxine_bf8a952c-f05b-4814-b55a-ed04be015269_0108.jpg,levothyroxine,train
train/levothyroxine/levothyroxine_40fa228f-9bfc-fc71-e063-6394a90a9ab6_0067.jpg,levothyroxine,train
train/levothyroxine/levothyroxine_8ceeadb4-18be-46c7-9204-68b4edfbb96b_0054.jpg,levothyroxine,train
train/levothyroxine/levothyroxine_60cadfd7-82b5-4207-97e1-1dd0655efb27_0050.jpg,levothyroxine,train
train/levothyroxine/levothyroxine_a6233381-3043-4e9a-aaa6-a6b105e5142b_0084.jpg,levothyroxine,train
train/levothyroxine/levothyroxine_37a55040-a9a2-4ff4-8463-9e1c7823d6ff_0129.jpg,levothyroxine,train
train/levothyroxine/levothyroxine_2aab0208-81ad-4607-8196-b4dc5ad5fdaa_0112.jpg,levothyroxine,train
train/levothyroxine/levothyroxine_4ddcaec1-a58f-340b-9bc1-bbe048b8c885_0027.jpg,levothyroxine,train
train/levothyroxine/levothyroxine_8ceeadb4-18be-46c7-9204-68b4edfbb96b_0058.jpg,levothyroxine,train
train/levothyroxine/levothyroxine_4ddcaec1-a58f-340b-9bc1-bbe048b8c885_0032.jpg,levothyroxine,train
train/levothyroxine/levothyroxine_76139990-1355-cfb6-e053-2991aa0ace5b_0100.jpg,levothyroxine,train
train/levothyroxine/levothyroxine_f347f490-7199-4de6-bca2-0d44a74979af_0004.jpg,levothyroxine,train
train/levothyroxine/levothyroxine_6f4bc4be-17a7-4273-a8d9-a1ff036dea0e_0142.jpg,levothyroxine,train
train/levothyroxine/levothyroxine_f8c14539-8ed1-406a-9b58-8ba3a7ce7ee3_0016.jpg,levothyroxine,train
train/levothyroxine/levothyroxine_c7d5b71b-e983-4b1a-bfc2-d2343cf8668c_0020.jpg,levothyroxine,train
train/levothyroxine/levothyroxine_2e242b93-bc4f-405a-a194-1981c721ad94_0126.jpg,levothyroxine,train
train/levothyroxine/levothyroxine_4ddcaec1-a58f-340b-9bc1-bbe048b8c885_0037.jpg,levothyroxine,train
train/levothyroxine/levothyroxine_60cadfd7-82b5-4207-97e1-1dd0655efb27_0039.jpg,levothyroxine,train
train/levothyroxine/levothyroxine_4ddcaec1-a58f-340b-9bc1-bbe048b8c885_0034.jpg,levothyroxine,train
train/levothyroxine/levothyroxine_a6233381-3043-4e9a-aaa6-a6b105e5142b_0081.jpg,levothyroxine,train
train/levothyroxine/levothyroxine_40fa228f-9bfc-fc71-e063-6394a90a9ab6_0065.jpg,levothyroxine,train
train/levothyroxine/levothyroxine_7a7ade79-0165-4e31-b84e-667416c00c7e_0149.jpg,levothyroxine,train
train/levothyroxine/levothyroxine_2aab0208-81ad-4607-8196-b4dc5ad5fdaa_0111.jpg,levothyroxine,train
train/levothyroxine/levothyroxine_a3ff93ad-86ed-4324-ae86-7e7ed3a49db8_0002.jpg,levothyroxine,train
train/levothyroxine/levothyroxine_55cebc88-0514-4940-b974-ec7f0467d10e_0021.jpg,levothyroxine,train
train/levothyroxine/levothyroxine_eb149423-070f-49ae-ab18-5afee09d06fb_0095.jpg,levothyroxine,train
train/levothyroxine/levothyroxine_40fa228f-9bfc-fc71-e063-6394a90a9ab6_0063.jpg,levothyroxine,train
train/levothyroxine/levothyroxine_bcf10012-8920-4737-92f5-7401ee0c5894_0093.jpg,levothyroxine,train
train/levothyroxine/levothyroxine_a6233381-3043-4e9a-aaa6-a6b105e5142b_0079.jpg,levothyroxine,train
train/levothyroxine/levothyroxine_3361138a-6e6f-e8df-e063-6294a90af2de_0104.jpg,levothyroxine,train
train/levothyroxine/levothyroxine_7a7ade79-0165-4e31-b84e-667416c00c7e_0145.jpg,levothyroxine,train
train/levothyroxine/levothyroxine_60cadfd7-82b5-4207-97e1-1dd0655efb27_0046.jpg,levothyroxine,train
train/levothyroxine/levothyroxine_ae9954a5-e196-449c-abea-ebe4afbee517_0134.jpg,levothyroxine,train
train/levothyroxine/levothyroxine_40fa228f-9bfc-fc71-e063-6394a90a9ab6_0071.jpg,levothyroxine,train
train/levothyroxine/levothyroxine_60cadfd7-82b5-4207-97e1-1dd0655efb27_0041.jpg,levothyroxine,train
train/levothyroxine/levothyroxine_40fa228f-9bfc-fc71-e063-6394a90a9ab6_0064.jpg,levothyroxine,train
train/levothyroxine/levothyroxine_4ddcaec1-a58f-340b-9bc1-bbe048b8c885_0028.jpg,levothyroxine,train
train/levothyroxine/levothyroxine_76139990-1355-cfb6-e053-2991aa0ace5b_0097.jpg,levothyroxine,train
train/levothyroxine/levothyroxine_fea284d8-0514-498b-a37c-405730b5f6a2_0023.jpg,levothyroxine,train
train/levothyroxine/levothyroxine_60cadfd7-82b5-4207-97e1-1dd0655efb27_0048.jpg,levothyroxine,train
train/levothyroxine/levothyroxine_40fa228f-9bfc-fc71-e063-6394a90a9ab6_0070.jpg,levothyroxine,train
train/levothyroxine/levothyroxine_9e588c43-b9b5-478e-99f7-e197add3cd26_0125.jpg,levothyroxine,train
train/levothyroxine/levothyroxine_d5b005e8-a88d-450b-bbc3-393d885260f5_0012.jpg,levothyroxine,train
train/levothyroxine/levothyroxine_4ddcaec1-a58f-340b-9bc1-bbe048b8c885_0026.jpg,levothyroxine,train
train/levothyroxine/levothyroxine_eb149423-070f-49ae-ab18-5afee09d06fb_0096.jpg,levothyroxine,train
train/levothyroxine/levothyroxine_bcf10012-8920-4737-92f5-7401ee0c5894_0094.jpg,levothyroxine,train
train/levothyroxine/levothyroxine_60cadfd7-82b5-4207-97e1-1dd0655efb27_0049.jpg,levothyroxine,train
train/levothyroxine/levothyroxine_4ddcaec1-a58f-340b-9bc1-bbe048b8c885_0035.jpg,levothyroxine,train
train/levothyroxine/levothyroxine_7a7ade79-0165-4e31-b84e-667416c00c7e_0147.jpg,levothyroxine,train
train/levothyroxine/levothyroxine_2adb05ef-b3fa-4ac2-b219-99442746392b_0009.jpg,levothyroxine,train
train/levothyroxine/levothyroxine_a6233381-3043-4e9a-aaa6-a6b105e5142b_0082.jpg,levothyroxine,train
train/levothyroxine/levothyroxine_3d737f79-7fc9-4221-e063-6394a90ac9aa_0113.jpg,levothyroxine,train
train/levothyroxine/levothyroxine_40fa228f-9bfc-fc71-e063-6394a90a9ab6_0068.jpg,levothyroxine,train
train/levothyroxine/levothyroxine_60cadfd7-82b5-4207-97e1-1dd0655efb27_0047.jpg,levothyroxine,train
train/levothyroxine/levothyroxine_fea284d8-0514-498b-a37c-405730b5f6a2_0024.jpg,levothyroxine,train
train/levothyroxine/levothyroxine_00046231-8fab-44a0-b986-9a9dd450881d_0000.jpg,levothyroxine,train
train/levothyroxine/levothyroxine_a6233381-3043-4e9a-aaa6-a6b105e5142b_0089.jpg,levothyroxine,train
train/levothyroxine/levothyroxine_4caf9040-5507-45a4-8f42-231aa925ab8d_0078.jpg,levothyroxine,train
train/levothyroxine/levothyroxine_3453af75-8c2e-421f-9a08-24751936df41_0006.jpg,levothyroxine,train
train/levothyroxine/levothyroxine_1af49c9f-93da-4838-899b-9445083a154b_0017.jpg,levothyroxine,train
train/levothyroxine/levothyroxine_8ceeadb4-18be-46c7-9204-68b4edfbb96b_0056.jpg,levothyroxine,train
train/levothyroxine/levothyroxine_4caf9040-5507-45a4-8f42-231aa925ab8d_0077.jpg,levothyroxine,train
train/levothyroxine/levothyroxine_ae9954a5-e196-449c-abea-ebe4afbee517_0136.jpg,levothyroxine,train
train/levothyroxine/levothyroxine_9e588c43-b9b5-478e-99f7-e197add3cd26_0124.jpg,levothyroxine,train
train/levothyroxine/levothyroxine_3361138a-6e6f-e8df-e063-6294a90af2de_0103.jpg,levothyroxine,train
train/levothyroxine/levothyroxine_7a7ade79-0165-4e31-b84e-667416c00c7e_0148.jpg,levothyroxine,train
train/levothyroxine/levothyroxine_8ceeadb4-18be-46c7-9204-68b4edfbb96b_0057.jpg,levothyroxine,train
train/levothyroxine/levothyroxine_194bc35b-ac82-4a40-bbd4-68eaff50b380_0110.jpg,levothyroxine,train
train/levothyroxine/levothyroxine_60cadfd7-82b5-4207-97e1-1dd0655efb27_0045.jpg,levothyroxine,train
train/levothyroxine/levothyroxine_31a31756-68aa-4e01-bbb1-9d181f8d9181_0116.jpg,levothyroxine,train
train/levothyroxine/levothyroxine_bf8a952c-f05b-4814-b55a-ed04be015269_0105.jpg,levothyroxine,train
train/levothyroxine/levothyroxine_3b55ab7b-17ec-4854-8bff-ff5dc166cbe1_0008.jpg,levothyroxine,train
val/levothyroxine/levothyroxine_31a31756-68aa-4e01-bbb1-9d181f8d9181_0117.jpg,levothyroxine,val
val/levothyroxine/levothyroxine_fea284d8-0514-498b-a37c-405730b5f6a2_0025.jpg,levothyroxine,val
val/levothyroxine/levothyroxine_9ad82faf-3734-42a1-befe-f6197b27f534_0143.jpg,levothyroxine,val
val/levothyroxine/levothyroxine_40fa228f-9bfc-fc71-e063-6394a90a9ab6_0072.jpg,levothyroxine,val
val/levothyroxine/levothyroxine_f8c14539-8ed1-406a-9b58-8ba3a7ce7ee3_0015.jpg,levothyroxine,val
val/levothyroxine/levothyroxine_40fa228f-9bfc-fc71-e063-6394a90a9ab6_0069.jpg,levothyroxine,val
val/levothyroxine/levothyroxine_37a55040-a9a2-4ff4-8463-9e1c7823d6ff_0128.jpg,levothyroxine,val
val/levothyroxine/levothyroxine_4302e36f-0b5b-f645-e063-6394a90a010f_0074.jpg,levothyroxine,val
val/levothyroxine/levothyroxine_c29a417b-95b0-4c9b-85e6-ec884049edb1_0014.jpg,levothyroxine,val
val/levothyroxine/levothyroxine_4ddcaec1-a58f-340b-9bc1-bbe048b8c885_0033.jpg,levothyroxine,val
val/levothyroxine/levothyroxine_a6233381-3043-4e9a-aaa6-a6b105e5142b_0090.jpg,levothyroxine,val
val/levothyroxine/levothyroxine_ae9954a5-e196-449c-abea-ebe4afbee517_0132.jpg,levothyroxine,val
val/levothyroxine/levothyroxine_31a31756-68aa-4e01-bbb1-9d181f8d9181_0123.jpg,levothyroxine,val
val/levothyroxine/levothyroxine_bcf10012-8920-4737-92f5-7401ee0c5894_0092.jpg,levothyroxine,val
val/levothyroxine/levothyroxine_00a4fc0b-7162-455e-8ed3-56efdbbe182e_0060.jpg,levothyroxine,val
val/levothyroxine/levothyroxine_ae9954a5-e196-449c-abea-ebe4afbee517_0137.jpg,levothyroxine,val
val/levothyroxine/levothyroxine_194bc35b-ac82-4a40-bbd4-68eaff50b380_0109.jpg,levothyroxine,val
val/levothyroxine/levothyroxine_ae9954a5-e196-449c-abea-ebe4afbee517_0138.jpg,levothyroxine,val
val/levothyroxine/levothyroxine_60cadfd7-82b5-4207-97e1-1dd0655efb27_0044.jpg,levothyroxine,val
val/levothyroxine/levothyroxine_4ddcaec1-a58f-340b-9bc1-bbe048b8c885_0030.jpg,levothyroxine,val
val/levothyroxine/levothyroxine_817656c7-3b6d-4f94-83e6-dec9e0d35c84_0139.jpg,levothyroxine,val
val/levothyroxine/levothyroxine_a6233381-3043-4e9a-aaa6-a6b105e5142b_0087.jpg,levothyroxine,val
test/levothyroxine/levothyroxine_2adb05ef-b3fa-4ac2-b219-99442746392b_0010.jpg,levothyroxine,test
test/levothyroxine/levothyroxine_60cadfd7-82b5-4207-97e1-1dd0655efb27_0051.jpg,levothyroxine,test
test/levothyroxine/levothyroxine_1af49c9f-93da-4838-899b-9445083a154b_0018.jpg,levothyroxine,test
test/levothyroxine/levothyroxine_bf8a952c-f05b-4814-b55a-ed04be015269_0106.jpg,levothyroxine,test
test/levothyroxine/levothyroxine_48c29432-a36c-4787-a05f-8d25a0abcc37_0075.jpg,levothyroxine,test
test/levothyroxine/levothyroxine_76139990-1355-cfb6-e053-2991aa0ace5b_0098.jpg,levothyroxine,test
test/levothyroxine/levothyroxine_55cebc88-0514-4940-b974-ec7f0467d10e_0022.jpg,levothyroxine,test
test/levothyroxine/levothyroxine_60cadfd7-82b5-4207-97e1-1dd0655efb27_0040.jpg,levothyroxine,test
test/levothyroxine/levothyroxine_8ceeadb4-18be-46c7-9204-68b4edfbb96b_0053.jpg,levothyroxine,test
test/levothyroxine/levothyroxine_a6233381-3043-4e9a-aaa6-a6b105e5142b_0086.jpg,levothyroxine,test
test/levothyroxine/levothyroxine_31a31756-68aa-4e01-bbb1-9d181f8d9181_0119.jpg,levothyroxine,test
test/levothyroxine/levothyroxine_3142571d-f253-45e7-adc1-6ca80d34cab1_0131.jpg,levothyroxine,test
test/levothyroxine/levothyroxine_31a31756-68aa-4e01-bbb1-9d181f8d9181_0120.jpg,levothyroxine,test
test/levothyroxine/levothyroxine_3361138a-6e6f-e8df-e063-6294a90af2de_0102.jpg,levothyroxine,test
test/levothyroxine/levothyroxine_76139990-1355-cfb6-e053-2991aa0ace5b_0101.jpg,levothyroxine,test
test/levothyroxine/levothyroxine_dac99035-9098-4710-bf55-c46889ffc282_0003.jpg,levothyroxine,test
test/levothyroxine/levothyroxine_31a31756-68aa-4e01-bbb1-9d181f8d9181_0115.jpg,levothyroxine,test
test/levothyroxine/levothyroxine_00a4fc0b-7162-455e-8ed3-56efdbbe182e_0061.jpg,levothyroxine,test
test/levothyroxine/levothyroxine_8ceeadb4-18be-46c7-9204-68b4edfbb96b_0055.jpg,levothyroxine,test
test/levothyroxine/levothyroxine_3453af75-8c2e-421f-9a08-24751936df41_0005.jpg,levothyroxine,test
test/levothyroxine/levothyroxine_40fa228f-9bfc-fc71-e063-6394a90a9ab6_0073.jpg,levothyroxine,test
test/levothyroxine/levothyroxine_8ceeadb4-18be-46c7-9204-68b4edfbb96b_0052.jpg,levothyroxine,test
test/levothyroxine/levothyroxine_6f4bc4be-17a7-4273-a8d9-a1ff036dea0e_0141.jpg,levothyroxine,test
train/lisinopril/lisinopril_a33d860a-1e17-45b7-aede-51ab3223bebd_0110.jpg,lisinopril,train
train/lisinopril/lisinopril_9470b102-3c81-469a-a4c5-6816d9d39b07_0129.jpg,lisinopril,train
train/lisinopril/lisinopril_f22bfb4d-dda6-4c7f-a485-cfb7710ef3de_0145.jpg,lisinopril,train
train/lisinopril/lisinopril_47054448-7d5f-43c4-8313-70179a7f9a2e_0094.jpg,lisinopril,train
train/lisinopril/lisinopril_cd62e287-b648-459a-9414-621686c6b607_0072.jpg,lisinopril,train
train/lisinopril/lisinopril_ec23c75d-68d5-46d0-be56-b96ddba19ed6_0082.jpg,lisinopril,train
train/lisinopril/lisinopril_7d6c31e2-b5a4-4279-8013-a8dad37ea73b_0050.jpg,lisinopril,train
train/lisinopril/lisinopril_a2f31909-3cda-4580-adfa-e9992d8c0885_0061.jpg,lisinopril,train
train/lisinopril/lisinopril_34bb4602-ccff-4939-91b9-26a63bfd40f7_0112.jpg,lisinopril,train
train/lisinopril/lisinopril_515f735c-5dba-43d9-8a58-97a319cafd56_0016.jpg,lisinopril,train
train/lisinopril/lisinopril_7d6c31e2-b5a4-4279-8013-a8dad37ea73b_0047.jpg,lisinopril,train
train/lisinopril/lisinopril_ec23c75d-68d5-46d0-be56-b96ddba19ed6_0083.jpg,lisinopril,train
train/lisinopril/lisinopril_7d6c31e2-b5a4-4279-8013-a8dad37ea73b_0051.jpg,lisinopril,train
train/lisinopril/lisinopril_515f735c-5dba-43d9-8a58-97a319cafd56_0014.jpg,lisinopril,train
train/lisinopril/lisinopril_f22bfb4d-dda6-4c7f-a485-cfb7710ef3de_0142.jpg,lisinopril,train
train/lisinopril/lisinopril_8808879d-8c7e-45d1-8a49-c05d2cf845d3_0054.jpg,lisinopril,train
train/lisinopril/lisinopril_764d51bf-731f-4a37-8e30-e79328cf5a12_0100.jpg,lisinopril,train
train/lisinopril/lisinopril_ab5e9ae4-e575-4a63-99f3-2bde36bdd508_0105.jpg,lisinopril,train
train/lisinopril/lisinopril_efc9eb3c-0f54-47b8-b236-8680e0046ea4_0141.jpg,lisinopril,train
train/lisinopril/lisinopril_96922ddc-e87f-4670-b22e-0ffd0d8f66e1_0092.jpg,lisinopril,train
train/lisinopril/lisinopril_a33d860a-1e17-45b7-aede-51ab3223bebd_0109.jpg,lisinopril,train
train/lisinopril/lisinopril_7d6c31e2-b5a4-4279-8013-a8dad37ea73b_0048.jpg,lisinopril,train
train/lisinopril/lisinopril_5eff766f-82e2-4cd6-e053-2a91aa0a4782_0005.jpg,lisinopril,train
train/lisinopril/lisinopril_efc9eb3c-0f54-47b8-b236-8680e0046ea4_0139.jpg,lisinopril,train
train/lisinopril/lisinopril_b62815f3-77fc-4074-a28a-918ab5cc32db_0063.jpg,lisinopril,train
train/lisinopril/lisinopril_a2f31909-3cda-4580-adfa-e9992d8c0885_0055.jpg,lisinopril,train
train/lisinopril/lisinopril_ab5e9ae4-e575-4a63-99f3-2bde36bdd508_0106.jpg,lisinopril,train
train/lisinopril/lisinopril_7d6c31e2-b5a4-4279-8013-a8dad37ea73b_0046.jpg,lisinopril,train
train/lisinopril/lisinopril_408e797a-2cf3-4ee6-9f9b-179a8cf3d799_0148.jpg,lisinopril,train
train/lisinopril/lisinopril_f22bfb4d-dda6-4c7f-a485-cfb7710ef3de_0144.jpg,lisinopril,train
train/lisinopril/lisinopril_b62815f3-77fc-4074-a28a-918ab5cc32db_0068.jpg,lisinopril,train
train/lisinopril/lisinopril_34953f77-bae1-41fe-af11-3ea0b3ceaa11_0126.jpg,lisinopril,train
train/lisinopril/lisinopril_764d51bf-731f-4a37-8e30-e79328cf5a12_0099.jpg,lisinopril,train
train/lisinopril/lisinopril_1d0caa63-9ea2-4a97-a23b-900a7c514bc6_0000.jpg,lisinopril,train
train/lisinopril/lisinopril_a35079fa-b693-45e8-9715-488e33e7c1a9_0019.jpg,lisinopril,train
train/lisinopril/lisinopril_e17bcc2e-f5ed-4846-95d3-a5479c7fee8d_0081.jpg,lisinopril,train
train/lisinopril/lisinopril_764d51bf-731f-4a37-8e30-e79328cf5a12_0098.jpg,lisinopril,train
train/lisinopril/lisinopril_34bb4602-ccff-4939-91b9-26a63bfd40f7_0113.jpg,lisinopril,train
train/lisinopril/lisinopril_47054448-7d5f-43c4-8313-70179a7f9a2e_0095.jpg,lisinopril,train
train/lisinopril/lisinopril_6051cc96-86e0-bd0b-e053-2a91aa0a5dcf_0004.jpg,lisinopril,train
train/lisinopril/lisinopril_1d0caa63-9ea2-4a97-a23b-900a7c514bc6_0002.jpg,lisinopril,train
train/lisinopril/lisinopril_463308ef-16cb-41d8-8d29-6aae2c5a7b0f_0008.jpg,lisinopril,train
train/lisinopril/lisinopril_a881df2d-e3b7-413f-b4bb-2c3d917b0811_0136.jpg,lisinopril,train
train/lisinopril/lisinopril_96922ddc-e87f-4670-b22e-0ffd0d8f66e1_0089.jpg,lisinopril,train
train/lisinopril/lisinopril_a2f31909-3cda-4580-adfa-e9992d8c0885_0056.jpg,lisinopril,train
train/lisinopril/lisinopril_3451292b-7867-4dc2-afaa-da66b4016017_0135.jpg,lisinopril,train
train/lisinopril/lisinopril_4f08cfc9-7afc-33aa-e054-00144ff88e88_0107.jpg,lisinopril,train
train/lisinopril/lisinopril_cd62e287-b648-459a-9414-621686c6b607_0075.jpg,lisinopril,train
train/lisinopril/lisinopril_d383e0e5-4e00-44cc-9d6f-86e76f4e79e3_0079.jpg,lisinopril,train
train/lisinopril/lisinopril_b62815f3-77fc-4074-a28a-918ab5cc32db_0069.jpg,lisinopril,train
train/lisinopril/lisinopril_7d6c31e2-b5a4-4279-8013-a8dad37ea73b_0049.jpg,lisinopril,train
train/lisinopril/lisinopril_a2f31909-3cda-4580-adfa-e9992d8c0885_0058.jpg,lisinopril,train
train/lisinopril/lisinopril_6051cc96-86e0-bd0b-e053-2a91aa0a5dcf_0003.jpg,lisinopril,train
train/lisinopril/lisinopril_a881df2d-e3b7-413f-b4bb-2c3d917b0811_0137.jpg,lisinopril,train
train/lisinopril/lisinopril_316e9226-e63e-466d-8143-f1edc7288fca_0034.jpg,lisinopril,train
train/lisinopril/lisinopril_00f67e1a-6999-4295-9c9f-fcb1ce9711b8_0029.jpg,lisinopril,train
train/lisinopril/lisinopril_d32923fe-a323-43c6-af46-bcba7274b0bf_0118.jpg,lisinopril,train
train/lisinopril/lisinopril_3bea11a3-eb07-46b2-9b91-f8a48a2f3b7e_0025.jpg,lisinopril,train
train/lisinopril/lisinopril_34953f77-bae1-41fe-af11-3ea0b3ceaa11_0128.jpg,lisinopril,train
train/lisinopril/lisinopril_463308ef-16cb-41d8-8d29-6aae2c5a7b0f_0009.jpg,lisinopril,train
train/lisinopril/lisinopril_c57e8bc8-ff50-431e-9c1a-384503584d02_0071.jpg,lisinopril,train
train/lisinopril/lisinopril_a2f31909-3cda-4580-adfa-e9992d8c0885_0060.jpg,lisinopril,train
train/lisinopril/lisinopril_7d6c31e2-b5a4-4279-8013-a8dad37ea73b_0043.jpg,lisinopril,train
train/lisinopril/lisinopril_515f735c-5dba-43d9-8a58-97a319cafd56_0018.jpg,lisinopril,train
train/lisinopril/lisinopril_515f735c-5dba-43d9-8a58-97a319cafd56_0015.jpg,lisinopril,train
train/lisinopril/lisinopril_316e9226-e63e-466d-8143-f1edc7288fca_0033.jpg,lisinopril,train
train/lisinopril/lisinopril_463308ef-16cb-41d8-8d29-6aae2c5a7b0f_0011.jpg,lisinopril,train
train/lisinopril/lisinopril_a33d860a-1e17-45b7-aede-51ab3223bebd_0108.jpg,lisinopril,train
train/lisinopril/lisinopril_d32923fe-a323-43c6-af46-bcba7274b0bf_0121.jpg,lisinopril,train
train/lisinopril/lisinopril_5eff766f-82e2-4cd6-e053-2a91aa0a4782_0006.jpg,lisinopril,train
train/lisinopril/lisinopril_ab5e9ae4-e575-4a63-99f3-2bde36bdd508_0104.jpg,lisinopril,train
train/lisinopril/lisinopril_515f735c-5dba-43d9-8a58-97a319cafd56_0013.jpg,lisinopril,train
train/lisinopril/lisinopril_6292f329-803b-4421-adda-63fad1a0a29f_0037.jpg,lisinopril,train
train/lisinopril/lisinopril_8808879d-8c7e-45d1-8a49-c05d2cf845d3_0053.jpg,lisinopril,train
train/lisinopril/lisinopril_efc9eb3c-0f54-47b8-b236-8680e0046ea4_0140.jpg,lisinopril,train
train/lisinopril/lisinopril_a2f31909-3cda-4580-adfa-e9992d8c0885_0062.jpg,lisinopril,train
train/lisinopril/lisinopril_764d51bf-731f-4a37-8e30-e79328cf5a12_0097.jpg,lisinopril,train
train/lisinopril/lisinopril_6292f329-803b-4421-adda-63fad1a0a29f_0035.jpg,lisinopril,train
train/lisinopril/lisinopril_8808879d-8c7e-45d1-8a49-c05d2cf845d3_0052.jpg,lisinopril,train
train/lisinopril/lisinopril_47054448-7d5f-43c4-8313-70179a7f9a2e_0096.jpg,lisinopril,train
train/lisinopril/lisinopril_705582ed-da8c-418f-8bb2-fc0b74ed0a88_0085.jpg,lisinopril,train
train/lisinopril/lisinopril_3bea11a3-eb07-46b2-9b91-f8a48a2f3b7e_0028.jpg,lisinopril,train
train/lisinopril/lisinopril_7d6c31e2-b5a4-4279-8013-a8dad37ea73b_0041.jpg,lisinopril,train
train/lisinopril/lisinopril_7d6c31e2-b5a4-4279-8013-a8dad37ea73b_0045.jpg,lisinopril,train
train/lisinopril/lisinopril_b62815f3-77fc-4074-a28a-918ab5cc32db_0067.jpg,lisinopril,train
train/lisinopril/lisinopril_d383e0e5-4e00-44cc-9d6f-86e76f4e79e3_0077.jpg,lisinopril,train
train/lisinopril/lisinopril_34953f77-bae1-41fe-af11-3ea0b3ceaa11_0125.jpg,lisinopril,train
train/lisinopril/lisinopril_a2f31909-3cda-4580-adfa-e9992d8c0885_0057.jpg,lisinopril,train
train/lisinopril/lisinopril_a35079fa-b693-45e8-9715-488e33e7c1a9_0022.jpg,lisinopril,train
train/lisinopril/lisinopril_7d6c31e2-b5a4-4279-8013-a8dad37ea73b_0038.jpg,lisinopril,train
train/lisinopril/lisinopril_3bea11a3-eb07-46b2-9b91-f8a48a2f3b7e_0026.jpg,lisinopril,train
train/lisinopril/lisinopril_408e797a-2cf3-4ee6-9f9b-179a8cf3d799_0149.jpg,lisinopril,train
train/lisinopril/lisinopril_3bea11a3-eb07-46b2-9b91-f8a48a2f3b7e_0024.jpg,lisinopril,train
train/lisinopril/lisinopril_ab5e9ae4-e575-4a63-99f3-2bde36bdd508_0102.jpg,lisinopril,train
train/lisinopril/lisinopril_3451292b-7867-4dc2-afaa-da66b4016017_0133.jpg,lisinopril,train
train/lisinopril/lisinopril_a35079fa-b693-45e8-9715-488e33e7c1a9_0020.jpg,lisinopril,train
train/lisinopril/lisinopril_a2f31909-3cda-4580-adfa-e9992d8c0885_0059.jpg,lisinopril,train
train/lisinopril/lisinopril_a0b068b4-1e55-446b-912b-3534e9e6fb75_0088.jpg,lisinopril,train
train/lisinopril/lisinopril_3451292b-7867-4dc2-afaa-da66b4016017_0132.jpg,lisinopril,train
train/lisinopril/lisinopril_316e9226-e63e-466d-8143-f1edc7288fca_0032.jpg,lisinopril,train
train/lisinopril/lisinopril_3bea11a3-eb07-46b2-9b91-f8a48a2f3b7e_0027.jpg,lisinopril,train
train/lisinopril/lisinopril_34953f77-bae1-41fe-af11-3ea0b3ceaa11_0123.jpg,lisinopril,train
train/lisinopril/lisinopril_34bb4602-ccff-4939-91b9-26a63bfd40f7_0114.jpg,lisinopril,train
train/lisinopril/lisinopril_b62815f3-77fc-4074-a28a-918ab5cc32db_0065.jpg,lisinopril,train
train/lisinopril/lisinopril_6292f329-803b-4421-adda-63fad1a0a29f_0036.jpg,lisinopril,train
val/lisinopril/lisinopril_ab5e9ae4-e575-4a63-99f3-2bde36bdd508_0103.jpg,lisinopril,val
val/lisinopril/lisinopril_515f735c-5dba-43d9-8a58-97a319cafd56_0017.jpg,lisinopril,val
val/lisinopril/lisinopril_b62815f3-77fc-4074-a28a-918ab5cc32db_0064.jpg,lisinopril,val
val/lisinopril/lisinopril_34953f77-bae1-41fe-af11-3ea0b3ceaa11_0122.jpg,lisinopril,val
val/lisinopril/lisinopril_34953f77-bae1-41fe-af11-3ea0b3ceaa11_0127.jpg,lisinopril,val
val/lisinopril/lisinopril_d32923fe-a323-43c6-af46-bcba7274b0bf_0117.jpg,lisinopril,val
val/lisinopril/lisinopril_96922ddc-e87f-4670-b22e-0ffd0d8f66e1_0093.jpg,lisinopril,val
val/lisinopril/lisinopril_408e797a-2cf3-4ee6-9f9b-179a8cf3d799_0147.jpg,lisinopril,val
val/lisinopril/lisinopril_c57e8bc8-ff50-431e-9c1a-384503584d02_0070.jpg,lisinopril,val
val/lisinopril/lisinopril_00f67e1a-6999-4295-9c9f-fcb1ce9711b8_0030.jpg,lisinopril,val
val/lisinopril/lisinopril_e17bcc2e-f5ed-4846-95d3-a5479c7fee8d_0080.jpg,lisinopril,val
val/lisinopril/lisinopril_408e797a-2cf3-4ee6-9f9b-179a8cf3d799_0146.jpg,lisinopril,val
val/lisinopril/lisinopril_efc9eb3c-0f54-47b8-b236-8680e0046ea4_0138.jpg,lisinopril,val
val/lisinopril/lisinopril_00f67e1a-6999-4295-9c9f-fcb1ce9711b8_0031.jpg,lisinopril,val
val/lisinopril/lisinopril_1d0caa63-9ea2-4a97-a23b-900a7c514bc6_0001.jpg,lisinopril,val
val/lisinopril/lisinopril_34bb4602-ccff-4939-91b9-26a63bfd40f7_0115.jpg,lisinopril,val
val/lisinopril/lisinopril_7d6c31e2-b5a4-4279-8013-a8dad37ea73b_0040.jpg,lisinopril,val
val/lisinopril/lisinopril_9470b102-3c81-469a-a4c5-6816d9d39b07_0130.jpg,lisinopril,val
val/lisinopril/lisinopril_7d6c31e2-b5a4-4279-8013-a8dad37ea73b_0044.jpg,lisinopril,val
val/lisinopril/lisinopril_705582ed-da8c-418f-8bb2-fc0b74ed0a88_0086.jpg,lisinopril,val
val/lisinopril/lisinopril_3451292b-7867-4dc2-afaa-da66b4016017_0134.jpg,lisinopril,val
val/lisinopril/lisinopril_7d6c31e2-b5a4-4279-8013-a8dad37ea73b_0042.jpg,lisinopril,val
test/lisinopril/lisinopril_d383e0e5-4e00-44cc-9d6f-86e76f4e79e3_0078.jpg,lisinopril,test
test/lisinopril/lisinopril_d32923fe-a323-43c6-af46-bcba7274b0bf_0120.jpg,lisinopril,test
test/lisinopril/lisinopril_cd62e287-b648-459a-9414-621686c6b607_0076.jpg,lisinopril,test
test/lisinopril/lisinopril_7d6c31e2-b5a4-4279-8013-a8dad37ea73b_0039.jpg,lisinopril,test
test/lisinopril/lisinopril_a0b068b4-1e55-446b-912b-3534e9e6fb75_0087.jpg,lisinopril,test
test/lisinopril/lisinopril_a35079fa-b693-45e8-9715-488e33e7c1a9_0023.jpg,lisinopril,test
test/lisinopril/lisinopril_4510c108-2683-f505-e063-6394a90ab0a4_0007.jpg,lisinopril,test
test/lisinopril/lisinopril_cd62e287-b648-459a-9414-621686c6b607_0073.jpg,lisinopril,test
test/lisinopril/lisinopril_a33d860a-1e17-45b7-aede-51ab3223bebd_0111.jpg,lisinopril,test
test/lisinopril/lisinopril_cd62e287-b648-459a-9414-621686c6b607_0074.jpg,lisinopril,test
test/lisinopril/lisinopril_463308ef-16cb-41d8-8d29-6aae2c5a7b0f_0010.jpg,lisinopril,test
test/lisinopril/lisinopril_96922ddc-e87f-4670-b22e-0ffd0d8f66e1_0091.jpg,lisinopril,test
test/lisinopril/lisinopril_a35079fa-b693-45e8-9715-488e33e7c1a9_0021.jpg,lisinopril,test
test/lisinopril/lisinopril_b62815f3-77fc-4074-a28a-918ab5cc32db_0066.jpg,lisinopril,test
test/lisinopril/lisinopril_34bb4602-ccff-4939-91b9-26a63bfd40f7_0116.jpg,lisinopril,test
test/lisinopril/lisinopril_9470b102-3c81-469a-a4c5-6816d9d39b07_0131.jpg,lisinopril,test
test/lisinopril/lisinopril_f22bfb4d-dda6-4c7f-a485-cfb7710ef3de_0143.jpg,lisinopril,test
test/lisinopril/lisinopril_96922ddc-e87f-4670-b22e-0ffd0d8f66e1_0090.jpg,lisinopril,test
test/lisinopril/lisinopril_764d51bf-731f-4a37-8e30-e79328cf5a12_0101.jpg,lisinopril,test
test/lisinopril/lisinopril_d32923fe-a323-43c6-af46-bcba7274b0bf_0119.jpg,lisinopril,test
test/lisinopril/lisinopril_ec23c75d-68d5-46d0-be56-b96ddba19ed6_0084.jpg,lisinopril,test
test/lisinopril/lisinopril_34953f77-bae1-41fe-af11-3ea0b3ceaa11_0124.jpg,lisinopril,test
test/lisinopril/lisinopril_463308ef-16cb-41d8-8d29-6aae2c5a7b0f_0012.jpg,lisinopril,test
train/loratadine/loratadine_660ac9df-f1b1-4c89-94dd-9fae0a013f3c_0009.jpg,loratadine,train
train/loratadine/loratadine_2b432b67-f9f3-45e2-8306-2d4080152f99_0091.jpg,loratadine,train
train/loratadine/loratadine_32619143-a782-3497-e063-6394a90aaaec_0051.jpg,loratadine,train
train/loratadine/loratadine_039f144b-891b-4ab0-e063-6394a90aa4c8_0042.jpg,loratadine,train
train/loratadine/loratadine_b66f171a-7b95-b27a-e053-2a95a90a6009_0094.jpg,loratadine,train
train/loratadine/loratadine_19afd658-8c67-af44-e063-6394a90abada_0020.jpg,loratadine,train
train/loratadine/loratadine_f046a807-ab8c-0620-e053-2a95a90a9d3c_0018.jpg,loratadine,train
train/loratadine/loratadine_3881afaf-8d0d-4154-85a8-79a3c7806b49_0036.jpg,loratadine,train
train/loratadine/loratadine_4d15d926-9564-4bef-b8a9-768af7a0ab6a_0028.jpg,loratadine,train
train/loratadine/loratadine_32092beb-c177-4b6b-afa4-b4b5d64621f4_0081.jpg,loratadine,train
train/loratadine/loratadine_2620a150-4a2c-4fa2-a0e4-6aafe9e496c3_0079.jpg,loratadine,train
train/loratadine/loratadine_3ea6a90b-8cb1-46b0-9ff7-be7090245e53_0021.jpg,loratadine,train
train/loratadine/loratadine_c72d8a30-520e-4d25-8f02-0c891e070a1a_0078.jpg,loratadine,train
train/loratadine/loratadine_d6bf0e68-f87c-49ee-a15d-df7f5bfa6221_0027.jpg,loratadine,train
train/loratadine/loratadine_f0db3a13-43e6-4243-9a3a-7808ddd005e1_0072.jpg,loratadine,train
train/loratadine/loratadine_8b090fa2-9535-456c-b14d-187a2873cdf7_0067.jpg,loratadine,train
train/loratadine/loratadine_6b43e5a5-30a8-46ca-a44d-1e1abf567b51_0076.jpg,loratadine,train
train/loratadine/loratadine_53fbf8c1-cbfb-4440-94d2-9662f2cc9ca2_0085.jpg,loratadine,train
train/loratadine/loratadine_0371368b-dca6-af2f-e063-6394a90a0ac0_0019.jpg,loratadine,train
train/loratadine/loratadine_8b090fa2-9535-456c-b14d-187a2873cdf7_0066.jpg,loratadine,train
train/loratadine/loratadine_8d3f03d9-6ae1-46d8-a4f8-c620af029c61_0068.jpg,loratadine,train
train/loratadine/loratadine_32619143-a782-3497-e063-6394a90aaaec_0047.jpg,loratadine,train
train/loratadine/loratadine_9bae1ba3-c0da-23a2-e053-2a95a90a58ed_0031.jpg,loratadine,train
train/loratadine/loratadine_ec08a6ee-3d71-0fa9-e053-2995a90a9cb1_0039.jpg,loratadine,train
train/loratadine/loratadine_32619143-a782-3497-e063-6394a90aaaec_0046.jpg,loratadine,train
train/loratadine/loratadine_b4cf4235-f76b-46da-bcf8-00d2d5f4d8ab_0088.jpg,loratadine,train
train/loratadine/loratadine_b681ea25-d00b-4c8a-8054-cc6f983ce337_0014.jpg,loratadine,train
train/loratadine/loratadine_37732ca2-b454-4215-91a2-c62e0f7a56af_0004.jpg,loratadine,train
train/loratadine/loratadine_7dc04b48-f053-4e4b-a493-9e8286d2a791_0011.jpg,loratadine,train
train/loratadine/loratadine_26c19e5b-7288-41a2-baaf-b4af19630140_0044.jpg,loratadine,train
train/loratadine/loratadine_d710b760-794e-490b-a413-c7b2ee5149b9_0090.jpg,loratadine,train
train/loratadine/loratadine_37732ca2-b454-4215-91a2-c62e0f7a56af_0005.jpg,loratadine,train
train/loratadine/loratadine_8b090fa2-9535-456c-b14d-187a2873cdf7_0065.jpg,loratadine,train
train/loratadine/loratadine_b681ea25-d00b-4c8a-8054-cc6f983ce337_0015.jpg,loratadine,train
train/loratadine/loratadine_0038bc38-c205-4d8d-ab78-1abbcd76829e_0084.jpg,loratadine,train
train/loratadine/loratadine_8b090fa2-9535-456c-b14d-187a2873cdf7_0064.jpg,loratadine,train
train/loratadine/loratadine_660ac9df-f1b1-4c89-94dd-9fae0a013f3c_0008.jpg,loratadine,train
train/loratadine/loratadine_0a0d700d-bdba-4c90-a947-5d61d40ce4df_0096.jpg,loratadine,train
train/loratadine/loratadine_32619143-a782-3497-e063-6394a90aaaec_0050.jpg,loratadine,train
train/loratadine/loratadine_c6a3056e-792e-52a4-e053-2a95a90a8361_0069.jpg,loratadine,train
train/loratadine/loratadine_32619143-a782-3497-e063-6394a90aaaec_0049.jpg,loratadine,train
train/loratadine/loratadine_dff47a40-0c3e-4fa3-a347-e60ce0c3b8b7_0016.jpg,loratadine,train
train/loratadine/loratadine_6b8d786e-2ee3-487f-bf7b-7dc738ea2fc9_0058.jpg,loratadine,train
train/loratadine/loratadine_969b7d4b-fb07-4f44-af71-3e5eed922793_0001.jpg,loratadine,train
train/loratadine/loratadine_c84c2696-0d55-48a2-9d32-ca6c9bc57aa2_0071.jpg,loratadine,train
train/loratadine/loratadine_9bae1ba3-c0da-23a2-e053-2a95a90a58ed_0032.jpg,loratadine,train
train/loratadine/loratadine_c4ef0110-89c3-4ded-9a9a-75c0f794f869_0026.jpg,loratadine,train
train/loratadine/loratadine_2bc586e4-5297-44cf-e063-6294a90a531d_0000.jpg,loratadine,train
train/loratadine/loratadine_a7125705-01ff-4418-8c53-9209c2bbb484_0013.jpg,loratadine,train
train/loratadine/loratadine_512f8f46-5c62-470d-b14a-93b86ec34ce8_0074.jpg,loratadine,train
train/loratadine/loratadine_31cb3c06-7e15-4000-b169-50b66c14b01b_0045.jpg,loratadine,train
train/loratadine/loratadine_f0db3a13-43e6-4243-9a3a-7808ddd005e1_0073.jpg,loratadine,train
train/loratadine/loratadine_ac32d6f9-f553-4d5c-ad36-575af5ea56de_0022.jpg,loratadine,train
train/loratadine/loratadine_f98a45fd-cda8-4884-e053-6294a90a57b5_0083.jpg,loratadine,train
train/loratadine/loratadine_1203981a-becd-4854-810d-b6d8842b5bd2_0002.jpg,loratadine,train
train/loratadine/loratadine_7dc04b48-f053-4e4b-a493-9e8286d2a791_0010.jpg,loratadine,train
train/loratadine/loratadine_f98a45fd-cda8-4884-e053-6294a90a57b5_0082.jpg,loratadine,train
train/loratadine/loratadine_c6144a33-6b33-4aca-86e5-a3f688b8b317_0095.jpg,loratadine,train
train/loratadine/loratadine_352a1268-7f44-417d-a46a-f0cc2e944a26_0035.jpg,loratadine,train
train/loratadine/loratadine_dc65f7ec-bb83-7b29-e053-2995a90a99de_0024.jpg,loratadine,train
train/loratadine/loratadine_4f4ffb72-f4e8-4617-8bc5-61e6de488a2d_0056.jpg,loratadine,train
train/loratadine/loratadine_679164cc-7505-7ed4-13fe-87f06cb777d8_0075.jpg,loratadine,train
train/loratadine/loratadine_90b0a155-b92c-45e3-959f-8f21065d31dd_0077.jpg,loratadine,train
train/loratadine/loratadine_6afa8056-1b7a-48a4-960c-92927169977e_0086.jpg,loratadine,train
train/loratadine/loratadine_98b99bb9-d499-9ab4-e053-2a95a90a6ae6_0012.jpg,loratadine,train
train/loratadine/loratadine_c6a3056e-792e-52a4-e053-2a95a90a8361_0070.jpg,loratadine,train
train/loratadine/loratadine_ec08a6ee-3d71-0fa9-e053-2995a90a9cb1_0038.jpg,loratadine,train
val/loratadine/loratadine_7283a8e9-db56-4fac-aade-95a32fed4494_0061.jpg,loratadine,val
val/loratadine/loratadine_660ac9df-f1b1-4c89-94dd-9fae0a013f3c_0007.jpg,loratadine,val
val/loratadine/loratadine_f046a807-ab8c-0620-e053-2a95a90a9d3c_0017.jpg,loratadine,val
val/loratadine/loratadine_f3d05276-21bd-419d-8dba-07ce278d3375_0030.jpg,loratadine,val
val/loratadine/loratadine_f3b9c643-a605-7702-e053-2995a90a6130_0025.jpg,loratadine,val
val/loratadine/loratadine_643dfe16-9cd1-47bb-8bce-303e6885c644_0033.jpg,loratadine,val
val/loratadine/loratadine_0eade963-be64-4718-a370-7e78efb91fc4_0043.jpg,loratadine,val
val/loratadine/loratadine_20938e05-bc3e-51aa-e054-00144ff88e88_0003.jpg,loratadine,val
val/loratadine/loratadine_4d952d2f-7766-4e64-8462-3fdff144546a_0029.jpg,loratadine,val
val/loratadine/loratadine_882dc99b-22d2-4f3e-8613-9ac8d9c5d910_0063.jpg,loratadine,val
val/loratadine/loratadine_32092beb-c177-4b6b-afa4-b4b5d64621f4_0080.jpg,loratadine,val
val/loratadine/loratadine_ec08a6ee-3d71-0fa9-e053-2995a90a9cb1_0037.jpg,loratadine,val
val/loratadine/loratadine_3f0f0131-b516-4ff3-8049-3d3766324b66_0040.jpg,loratadine,val
val/loratadine/loratadine_40d25cdf-b63f-d5c9-e063-6394a90af509_0054.jpg,loratadine,val
test/loratadine/loratadine_7127b39d-3686-4249-b720-43c02b4c4654_0060.jpg,loratadine,test
test/loratadine/loratadine_a34e8cb7-4fdf-45be-b288-45d93eef6220_0041.jpg,loratadine,test
test/loratadine/loratadine_809456dc-1d1c-42a7-b17f-e43dacde927f_0093.jpg,loratadine,test
test/loratadine/loratadine_775885f9-0580-4eca-94d8-44fce1dcdccd_0062.jpg,loratadine,test
test/loratadine/loratadine_3c9ad1f8-e8ef-bcd0-e063-6394a90ac20e_0089.jpg,loratadine,test
test/loratadine/loratadine_6f82e0ab-2c01-4afb-8d0f-b0c06819d1b0_0059.jpg,loratadine,test
test/loratadine/loratadine_660ac9df-f1b1-4c89-94dd-9fae0a013f3c_0006.jpg,loratadine,test
test/loratadine/loratadine_4cee60b6-b32b-47d0-aa00-a7ea1a7ed3cf_0055.jpg,loratadine,test
test/loratadine/loratadine_bb54f613-b2ab-48fd-83c9-2038ec7097f6_0092.jpg,loratadine,test
test/loratadine/loratadine_836f566c-0296-408a-ad2a-6a77e1855218_0087.jpg,loratadine,test
test/loratadine/loratadine_3dea627d-4b0c-e077-e063-6394a90a15a0_0053.jpg,loratadine,test
test/loratadine/loratadine_64489b01-a4a7-4c6d-ac84-1dfbd1388d84_0057.jpg,loratadine,test
test/loratadine/loratadine_0b26004d-f741-48e1-bf2b-ec4af8150160_0034.jpg,loratadine,test
test/loratadine/loratadine_32619143-a782-3497-e063-6394a90aaaec_0048.jpg,loratadine,test
test/loratadine/loratadine_3d716988-da63-59e6-e063-6394a90a5b4b_0052.jpg,loratadine,test
test/loratadine/loratadine_acf2d393-53d7-062f-e053-2995a90a0d60_0023.jpg,loratadine,test
train/losartan/losartan_021cd76a-b093-4704-8410-5e7d01e20a54_0106.jpg,losartan,train
train/losartan/losartan_021cd76a-b093-4704-8410-5e7d01e20a54_0105.jpg,losartan,train
train/losartan/losartan_372ba4ad-26ca-4675-8475-4b664fbecba9_0145.jpg,losartan,train
train/losartan/losartan_fa0cf2c2-6238-4edd-94e2-b670b98a0da4_0094.jpg,losartan,train
train/losartan/losartan_aaf943ff-d6af-8ce2-e053-2995a90a7b76_0020.jpg,losartan,train
train/losartan/losartan_372ba4ad-26ca-4675-8475-4b664fbecba9_0140.jpg,losartan,train
train/losartan/losartan_ee1eaaf6-050b-48af-942b-5e3451edc164_0075.jpg,losartan,train
train/losartan/losartan_1a9e1ffd-edf1-4e35-a7f5-ca351c507d7f_0049.jpg,losartan,train
train/losartan/losartan_e0b74a86-3d36-1af0-e538-41b45b8d2cc3_0031.jpg,losartan,train
train/losartan/losartan_aaf943ff-d6af-8ce2-e053-2995a90a7b76_0021.jpg,losartan,train
train/losartan/losartan_1a9e1ffd-edf1-4e35-a7f5-ca351c507d7f_0050.jpg,losartan,train
train/losartan/losartan_372ba4ad-26ca-4675-8475-4b664fbecba9_0144.jpg,losartan,train
train/losartan/losartan_fa0cf2c2-6238-4edd-94e2-b670b98a0da4_0103.jpg,losartan,train
train/losartan/losartan_fa0cf2c2-6238-4edd-94e2-b670b98a0da4_0095.jpg,losartan,train
train/losartan/losartan_31366b4b-dfd6-4fda-babe-2cb3d2c14a2b_0124.jpg,losartan,train
train/losartan/losartan_ee1eaaf6-050b-48af-942b-5e3451edc164_0068.jpg,losartan,train
train/losartan/losartan_c15387df-87a4-4784-acb5-7dd550498f8f_0093.jpg,losartan,train
train/losartan/losartan_ca012edc-923d-4ada-a261-db82b71b3c4f_0036.jpg,losartan,train
train/losartan/losartan_b83d896a-c7e9-4508-814c-425b88a87b16_0082.jpg,losartan,train
train/losartan/losartan_d1000341-9f81-403f-a8e4-55e1eead432a_0063.jpg,losartan,train
train/losartan/losartan_a8817f22-8478-49b9-8354-ab27ca222c6b_0000.jpg,losartan,train
train/losartan/losartan_31366b4b-dfd6-4fda-babe-2cb3d2c14a2b_0125.jpg,losartan,train
train/losartan/losartan_ca012edc-923d-4ada-a261-db82b71b3c4f_0037.jpg,losartan,train
train/losartan/losartan_a8817f22-8478-49b9-8354-ab27ca222c6b_0005.jpg,losartan,train
train/losartan/losartan_67ffab1a-9e80-48dd-a6c6-1b586161fe50_0056.jpg,losartan,train
train/losartan/losartan_ee1eaaf6-050b-48af-942b-5e3451edc164_0069.jpg,losartan,train
train/losartan/losartan_31366b4b-dfd6-4fda-babe-2cb3d2c14a2b_0130.jpg,losartan,train
train/losartan/losartan_1a9e1ffd-edf1-4e35-a7f5-ca351c507d7f_0045.jpg,losartan,train
train/losartan/losartan_e0b74a86-3d36-1af0-e538-41b45b8d2cc3_0029.jpg,losartan,train
train/losartan/losartan_f5f462c6-0604-49d3-af8f-fecbde23be99_0040.jpg,losartan,train
train/losartan/losartan_4116ccde-2e23-45f4-b12f-6337df877744_0054.jpg,losartan,train
train/losartan/losartan_aaf943ff-d6af-8ce2-e053-2995a90a7b76_0022.jpg,losartan,train
train/losartan/losartan_1a9e1ffd-edf1-4e35-a7f5-ca351c507d7f_0048.jpg,losartan,train
train/losartan/losartan_c15387df-87a4-4784-acb5-7dd550498f8f_0091.jpg,losartan,train
train/losartan/losartan_3233c707-70b6-4c29-8210-913eeb2a38ed_0137.jpg,losartan,train
train/losartan/losartan_4116ccde-2e23-45f4-b12f-6337df877744_0052.jpg,losartan,train
train/losartan/losartan_d1000341-9f81-403f-a8e4-55e1eead432a_0062.jpg,losartan,train
train/losartan/losartan_3233c707-70b6-4c29-8210-913eeb2a38ed_0132.jpg,losartan,train
train/losartan/losartan_b83d896a-c7e9-4508-814c-425b88a87b16_0081.jpg,losartan,train
train/losartan/losartan_021cd76a-b093-4704-8410-5e7d01e20a54_0112.jpg,losartan,train
train/losartan/losartan_aaf943ff-d6af-8ce2-e053-2995a90a7b76_0026.jpg,losartan,train
train/losartan/losartan_d1000341-9f81-403f-a8e4-55e1eead432a_0064.jpg,losartan,train
train/losartan/losartan_aaf943ff-d6af-8ce2-e053-2995a90a7b76_0025.jpg,losartan,train
train/losartan/losartan_31366b4b-dfd6-4fda-babe-2cb3d2c14a2b_0127.jpg,losartan,train
train/losartan/losartan_b83d896a-c7e9-4508-814c-425b88a87b16_0079.jpg,losartan,train
train/losartan/losartan_67ffab1a-9e80-48dd-a6c6-1b586161fe50_0057.jpg,losartan,train
train/losartan/losartan_e136356b-e4d2-4e00-a409-35825c5637c9_0019.jpg,losartan,train
train/losartan/losartan_e136356b-e4d2-4e00-a409-35825c5637c9_0015.jpg,losartan,train
train/losartan/losartan_ee1eaaf6-050b-48af-942b-5e3451edc164_0074.jpg,losartan,train
train/losartan/losartan_372ba4ad-26ca-4675-8475-4b664fbecba9_0141.jpg,losartan,train
train/losartan/losartan_31366b4b-dfd6-4fda-babe-2cb3d2c14a2b_0129.jpg,losartan,train
train/losartan/losartan_b83d896a-c7e9-4508-814c-425b88a87b16_0080.jpg,losartan,train
train/losartan/losartan_31366b4b-dfd6-4fda-babe-2cb3d2c14a2b_0131.jpg,losartan,train
train/losartan/losartan_a8817f22-8478-49b9-8354-ab27ca222c6b_0007.jpg,losartan,train
train/losartan/losartan_ee1eaaf6-050b-48af-942b-5e3451edc164_0073.jpg,losartan,train
train/losartan/losartan_ca012edc-923d-4ada-a261-db82b71b3c4f_0038.jpg,losartan,train
train/losartan/losartan_e0b74a86-3d36-1af0-e538-41b45b8d2cc3_0027.jpg,losartan,train
train/losartan/losartan_394398e1-119e-4943-b414-27261f5d4842_0149.jpg,losartan,train
train/losartan/losartan_e136356b-e4d2-4e00-a409-35825c5637c9_0014.jpg,losartan,train
train/losartan/losartan_ca012edc-923d-4ada-a261-db82b71b3c4f_0035.jpg,losartan,train
train/losartan/losartan_fa0cf2c2-6238-4edd-94e2-b670b98a0da4_0098.jpg,losartan,train
train/losartan/losartan_c15387df-87a4-4784-acb5-7dd550498f8f_0088.jpg,losartan,train
train/losartan/losartan_1a9e1ffd-edf1-4e35-a7f5-ca351c507d7f_0047.jpg,losartan,train
train/losartan/losartan_1dadbe02-289c-4312-9e65-40f3314dcc31_0119.jpg,losartan,train
train/losartan/losartan_a8817f22-8478-49b9-8354-ab27ca222c6b_0003.jpg,losartan,train
train/losartan/losartan_4116ccde-2e23-45f4-b12f-6337df877744_0053.jpg,losartan,train
train/losartan/losartan_67ffab1a-9e80-48dd-a6c6-1b586161fe50_0060.jpg,losartan,train
train/losartan/losartan_ee1eaaf6-050b-48af-942b-5e3451edc164_0071.jpg,losartan,train
train/losartan/losartan_021cd76a-b093-4704-8410-5e7d01e20a54_0108.jpg,losartan,train
train/losartan/losartan_3233c707-70b6-4c29-8210-913eeb2a38ed_0139.jpg,losartan,train
train/losartan/losartan_e136356b-e4d2-4e00-a409-35825c5637c9_0016.jpg,losartan,train
train/losartan/losartan_1dadbe02-289c-4312-9e65-40f3314dcc31_0123.jpg,losartan,train
train/losartan/losartan_a8817f22-8478-49b9-8354-ab27ca222c6b_0008.jpg,losartan,train
train/losartan/losartan_d1000341-9f81-403f-a8e4-55e1eead432a_0065.jpg,losartan,train
train/losartan/losartan_fa0cf2c2-6238-4edd-94e2-b670b98a0da4_0100.jpg,losartan,train
train/losartan/losartan_f5f462c6-0604-49d3-af8f-fecbde23be99_0041.jpg,losartan,train
train/losartan/losartan_4116ccde-2e23-45f4-b12f-6337df877744_0051.jpg,losartan,train
train/losartan/losartan_fa0cf2c2-6238-4edd-94e2-b670b98a0da4_0104.jpg,losartan,train
train/losartan/losartan_4116ccde-2e23-45f4-b12f-6337df877744_0055.jpg,losartan,train
train/losartan/losartan_1a9e1ffd-edf1-4e35-a7f5-ca351c507d7f_0043.jpg,losartan,train
train/losartan/losartan_fa0cf2c2-6238-4edd-94e2-b670b98a0da4_0096.jpg,losartan,train
train/losartan/losartan_1d6712a3-bfb3-4081-b8f6-6057eb4baa27_0113.jpg,losartan,train
train/losartan/losartan_3233c707-70b6-4c29-8210-913eeb2a38ed_0135.jpg,losartan,train
train/losartan/losartan_1dadbe02-289c-4312-9e65-40f3314dcc31_0121.jpg,losartan,train
train/losartan/losartan_31366b4b-dfd6-4fda-babe-2cb3d2c14a2b_0126.jpg,losartan,train
train/losartan/losartan_c15387df-87a4-4784-acb5-7dd550498f8f_0090.jpg,losartan,train
train/losartan/losartan_3233c707-70b6-4c29-8210-913eeb2a38ed_0133.jpg,losartan,train
train/losartan/losartan_b83d896a-c7e9-4508-814c-425b88a87b16_0085.jpg,losartan,train
train/losartan/losartan_a8817f22-8478-49b9-8354-ab27ca222c6b_0006.jpg,losartan,train
train/losartan/losartan_021cd76a-b093-4704-8410-5e7d01e20a54_0111.jpg,losartan,train
train/losartan/losartan_ca012edc-923d-4ada-a261-db82b71b3c4f_0033.jpg,losartan,train
train/losartan/losartan_d1000341-9f81-403f-a8e4-55e1eead432a_0066.jpg,losartan,train
train/losartan/losartan_31366b4b-dfd6-4fda-babe-2cb3d2c14a2b_0128.jpg,losartan,train
train/losartan/losartan_a8817f22-8478-49b9-8354-ab27ca222c6b_0004.jpg,losartan,train
train/losartan/losartan_a8817f22-8478-49b9-8354-ab27ca222c6b_0011.jpg,losartan,train
train/losartan/losartan_372ba4ad-26ca-4675-8475-4b664fbecba9_0143.jpg,losartan,train
train/losartan/losartan_a8817f22-8478-49b9-8354-ab27ca222c6b_0009.jpg,losartan,train
train/losartan/losartan_67ffab1a-9e80-48dd-a6c6-1b586161fe50_0058.jpg,losartan,train
train/losartan/losartan_e0b74a86-3d36-1af0-e538-41b45b8d2cc3_0030.jpg,losartan,train
train/losartan/losartan_1dadbe02-289c-4312-9e65-40f3314dcc31_0116.jpg,losartan,train
train/losartan/losartan_021cd76a-b093-4704-8410-5e7d01e20a54_0110.jpg,losartan,train
train/losartan/losartan_ca012edc-923d-4ada-a261-db82b71b3c4f_0039.jpg,losartan,train
train/losartan/losartan_372ba4ad-26ca-4675-8475-4b664fbecba9_0146.jpg,losartan,train
train/losartan/losartan_b83d896a-c7e9-4508-814c-425b88a87b16_0084.jpg,losartan,train
train/losartan/losartan_b83d896a-c7e9-4508-814c-425b88a87b16_0083.jpg,losartan,train
val/losartan/losartan_a8817f22-8478-49b9-8354-ab27ca222c6b_0001.jpg,losartan,val
val/losartan/losartan_3233c707-70b6-4c29-8210-913eeb2a38ed_0136.jpg,losartan,val
val/losartan/losartan_fa0cf2c2-6238-4edd-94e2-b670b98a0da4_0099.jpg,losartan,val
val/losartan/losartan_ee1eaaf6-050b-48af-942b-5e3451edc164_0072.jpg,losartan,val
val/losartan/losartan_021cd76a-b093-4704-8410-5e7d01e20a54_0109.jpg,losartan,val
val/losartan/losartan_a8817f22-8478-49b9-8354-ab27ca222c6b_0010.jpg,losartan,val
val/losartan/losartan_d1000341-9f81-403f-a8e4-55e1eead432a_0067.jpg,losartan,val
val/losartan/losartan_1dadbe02-289c-4312-9e65-40f3314dcc31_0118.jpg,losartan,val
val/losartan/losartan_ee1eaaf6-050b-48af-942b-5e3451edc164_0070.jpg,losartan,val
val/losartan/losartan_1a9e1ffd-edf1-4e35-a7f5-ca351c507d7f_0046.jpg,losartan,val
val/losartan/losartan_67ffab1a-9e80-48dd-a6c6-1b586161fe50_0061.jpg,losartan,val
val/losartan/losartan_3233c707-70b6-4c29-8210-913eeb2a38ed_0134.jpg,losartan,val
val/losartan/losartan_aaf943ff-d6af-8ce2-e053-2995a90a7b76_0024.jpg,losartan,val
val/losartan/losartan_372ba4ad-26ca-4675-8475-4b664fbecba9_0142.jpg,losartan,val
val/losartan/losartan_f5f462c6-0604-49d3-af8f-fecbde23be99_0042.jpg,losartan,val
val/losartan/losartan_e0b74a86-3d36-1af0-e538-41b45b8d2cc3_0028.jpg,losartan,val
val/losartan/losartan_1dadbe02-289c-4312-9e65-40f3314dcc31_0117.jpg,losartan,val
val/losartan/losartan_e136356b-e4d2-4e00-a409-35825c5637c9_0018.jpg,losartan,val
val/losartan/losartan_ee1eaaf6-050b-48af-942b-5e3451edc164_0077.jpg,losartan,val
val/losartan/losartan_1dadbe02-289c-4312-9e65-40f3314dcc31_0120.jpg,losartan,val
val/losartan/losartan_1a9e1ffd-edf1-4e35-a7f5-ca351c507d7f_0044.jpg,losartan,val
val/losartan/losartan_ca012edc-923d-4ada-a261-db82b71b3c4f_0034.jpg,losartan,val
test/losartan/losartan_021cd76a-b093-4704-8410-5e7d01e20a54_0107.jpg,losartan,test
test/losartan/losartan_c15387df-87a4-4784-acb5-7dd550498f8f_0087.jpg,losartan,test
test/losartan/losartan_e136356b-e4d2-4e00-a409-35825c5637c9_0017.jpg,losartan,test
test/losartan/losartan_c15387df-87a4-4784-acb5-7dd550498f8f_0092.jpg,losartan,test
test/losartan/losartan_fa0cf2c2-6238-4edd-94e2-b670b98a0da4_0102.jpg,losartan,test
test/losartan/losartan_372ba4ad-26ca-4675-8475-4b664fbecba9_0147.jpg,losartan,test
test/losartan/losartan_1d6712a3-bfb3-4081-b8f6-6057eb4baa27_0114.jpg,losartan,test
test/losartan/losartan_ca012edc-923d-4ada-a261-db82b71b3c4f_0032.jpg,losartan,test
test/losartan/losartan_a8817f22-8478-49b9-8354-ab27ca222c6b_0012.jpg,losartan,test
test/losartan/losartan_c15387df-87a4-4784-acb5-7dd550498f8f_0089.jpg,losartan,test
test/losartan/losartan_fa0cf2c2-6238-4edd-94e2-b670b98a0da4_0097.jpg,losartan,test
test/losartan/losartan_394398e1-119e-4943-b414-27261f5d4842_0148.jpg,losartan,test
test/losartan/losartan_1d6712a3-bfb3-4081-b8f6-6057eb4baa27_0115.jpg,losartan,test
test/losartan/losartan_aaf943ff-d6af-8ce2-e053-2995a90a7b76_0023.jpg,losartan,test
test/losartan/losartan_ee1eaaf6-050b-48af-942b-5e3451edc164_0076.jpg,losartan,test
test/losartan/losartan_67ffab1a-9e80-48dd-a6c6-1b586161fe50_0059.jpg,losartan,test
test/losartan/losartan_c15387df-87a4-4784-acb5-7dd550498f8f_0086.jpg,losartan,test
test/losartan/losartan_b83d896a-c7e9-4508-814c-425b88a87b16_0078.jpg,losartan,test
test/losartan/losartan_3233c707-70b6-4c29-8210-913eeb2a38ed_0138.jpg,losartan,test
test/losartan/losartan_a8817f22-8478-49b9-8354-ab27ca222c6b_0002.jpg,losartan,test
test/losartan/losartan_1dadbe02-289c-4312-9e65-40f3314dcc31_0122.jpg,losartan,test
test/losartan/losartan_a8817f22-8478-49b9-8354-ab27ca222c6b_0013.jpg,losartan,test
test/losartan/losartan_fa0cf2c2-6238-4edd-94e2-b670b98a0da4_0101.jpg,losartan,test
train/metformin/metformin_cc070735-5e8d-4bb3-9caa-e84d29bb8943_0002.jpg,metformin,train
train/metformin/metformin_235680e6-1c3e-45b8-902e-866583f1aef3_0110.jpg,metformin,train
train/metformin/metformin_37ff1b8e-a434-41c0-82e1-4583842921a5_0043.jpg,metformin,train
train/metformin/metformin_fb832474-88d9-4e29-95cd-fbc446944cc4_0072.jpg,metformin,train
train/metformin/metformin_b857eccf-b9ff-45ba-8241-f47f5caada2a_0071.jpg,metformin,train
train/metformin/metformin_b857eccf-b9ff-45ba-8241-f47f5caada2a_0065.jpg,metformin,train
train/metformin/metformin_1aa40000-877f-8ea4-e063-6394a90a0e31_0107.jpg,metformin,train
train/metformin/metformin_30658e19-8e6e-49aa-a007-e414224797c5_0125.jpg,metformin,train
train/metformin/metformin_13be49d2-0ce9-a78a-e557-ded85ddc808f_0103.jpg,metformin,train
train/metformin/metformin_5cff87ef-97f9-4e3c-9e06-fd257f3cb3fb_0137.jpg,metformin,train
train/metformin/metformin_6d6ee6f8-9650-ff4f-e053-2991aa0acf19_0023.jpg,metformin,train
train/metformin/metformin_0fdd0255-0055-65f3-b2c0-db8fbb87beae_0097.jpg,metformin,train
train/metformin/metformin_5ff2cd9e-a579-48f5-845f-c37a68372a34_0142.jpg,metformin,train
train/metformin/metformin_2a84c550-aed8-4058-961f-351a5e4cf7a1_0112.jpg,metformin,train
train/metformin/metformin_1aa40000-877f-8ea4-e063-6394a90a0e31_0106.jpg,metformin,train
train/metformin/metformin_8cd5555c-f6b2-28d8-e053-2a95a90a5f1e_0058.jpg,metformin,train
train/metformin/metformin_8cd5555c-f6b2-28d8-e053-2a95a90a5f1e_0052.jpg,metformin,train
train/metformin/metformin_0fdd0255-0055-65f3-b2c0-db8fbb87beae_0087.jpg,metformin,train
train/metformin/metformin_13235d8e-ac3a-45b4-9c5d-9a9012951dfe_0099.jpg,metformin,train
train/metformin/metformin_6d6ee6f8-9650-ff4f-e053-2991aa0acf19_0022.jpg,metformin,train
train/metformin/metformin_1200ea71-8a9e-4e49-bb77-7d9fe0d84ae7_0048.jpg,metformin,train
train/metformin/metformin_49a0b5c2-ebaf-4c4c-905f-dfd1962ac647_0004.jpg,metformin,train
train/metformin/metformin_8cd5555c-f6b2-28d8-e053-2a95a90a5f1e_0056.jpg,metformin,train
train/metformin/metformin_f39ee08d-73db-71b9-e053-2995a90a877c_0036.jpg,metformin,train
train/metformin/metformin_a5980bc8-8de8-c456-e053-2a95a90a792e_0030.jpg,metformin,train
train/metformin/metformin_5ff2cd9e-a579-48f5-845f-c37a68372a34_0145.jpg,metformin,train
train/metformin/metformin_5ff2cd9e-a579-48f5-845f-c37a68372a34_0139.jpg,metformin,train
train/metformin/metformin_60142fb2-16da-4f54-a542-74f9a70b9c8b_0044.jpg,metformin,train
train/metformin/metformin_13be49d2-0ce9-a78a-e557-ded85ddc808f_0101.jpg,metformin,train
train/metformin/metformin_8cd5555c-f6b2-28d8-e053-2a95a90a5f1e_0061.jpg,metformin,train
train/metformin/metformin_1200ea71-8a9e-4e49-bb77-7d9fe0d84ae7_0049.jpg,metformin,train
train/metformin/metformin_37ff1b8e-a434-41c0-82e1-4583842921a5_0041.jpg,metformin,train
train/metformin/metformin_30658e19-8e6e-49aa-a007-e414224797c5_0120.jpg,metformin,train
train/metformin/metformin_86ca843a-441b-488d-be1d-2576aeee19cf_0028.jpg,metformin,train
train/metformin/metformin_2a84c550-aed8-4058-961f-351a5e4cf7a1_0115.jpg,metformin,train
train/metformin/metformin_49a0b5c2-ebaf-4c4c-905f-dfd1962ac647_0012.jpg,metformin,train
train/metformin/metformin_0fdd0255-0055-65f3-b2c0-db8fbb87beae_0093.jpg,metformin,train
train/metformin/metformin_5ff2cd9e-a579-48f5-845f-c37a68372a34_0140.jpg,metformin,train
train/metformin/metformin_13235d8e-ac3a-45b4-9c5d-9a9012951dfe_0098.jpg,metformin,train
train/metformin/metformin_fb832474-88d9-4e29-95cd-fbc446944cc4_0075.jpg,metformin,train
train/metformin/metformin_49a0b5c2-ebaf-4c4c-905f-dfd1962ac647_0005.jpg,metformin,train
train/metformin/metformin_a5980bc8-8de8-c456-e053-2a95a90a792e_0032.jpg,metformin,train
train/metformin/metformin_49a0b5c2-ebaf-4c4c-905f-dfd1962ac647_0010.jpg,metformin,train
train/metformin/metformin_cc070735-5e8d-4bb3-9caa-e84d29bb8943_0001.jpg,metformin,train
train/metformin/metformin_1aa40000-877f-8ea4-e063-6394a90a0e31_0105.jpg,metformin,train
train/metformin/metformin_8080eedb-e955-4059-98b2-9685b608eb3e_0025.jpg,metformin,train
train/metformin/metformin_5ff2cd9e-a579-48f5-845f-c37a68372a34_0149.jpg,metformin,train
train/metformin/metformin_5ff2cd9e-a579-48f5-845f-c37a68372a34_0144.jpg,metformin,train
train/metformin/metformin_49a0b5c2-ebaf-4c4c-905f-dfd1962ac647_0006.jpg,metformin,train
train/metformin/metformin_235680e6-1c3e-45b8-902e-866583f1aef3_0111.jpg,metformin,train
train/metformin/metformin_30658e19-8e6e-49aa-a007-e414224797c5_0118.jpg,metformin,train
train/metformin/metformin_fb832474-88d9-4e29-95cd-fbc446944cc4_0074.jpg,metformin,train
train/metformin/metformin_082b4de9-e452-fe71-e063-6394a90ac863_0084.jpg,metformin,train
train/metformin/metformin_8cd5555c-f6b2-28d8-e053-2a95a90a5f1e_0060.jpg,metformin,train
train/metformin/metformin_5cff87ef-97f9-4e3c-9e06-fd257f3cb3fb_0136.jpg,metformin,train
train/metformin/metformin_082b4de9-e452-fe71-e063-6394a90ac863_0082.jpg,metformin,train
train/metformin/metformin_1200ea71-8a9e-4e49-bb77-7d9fe0d84ae7_0051.jpg,metformin,train
train/metformin/metformin_8080eedb-e955-4059-98b2-9685b608eb3e_0024.jpg,metformin,train
train/metformin/metformin_0fdd0255-0055-65f3-b2c0-db8fbb87beae_0094.jpg,metformin,train
train/metformin/metformin_0fdd0255-0055-65f3-b2c0-db8fbb87beae_0095.jpg,metformin,train
train/metformin/metformin_13235d8e-ac3a-45b4-9c5d-9a9012951dfe_0100.jpg,metformin,train
train/metformin/metformin_0fdd0255-0055-65f3-b2c0-db8fbb87beae_0096.jpg,metformin,train
train/metformin/metformin_0fdd0255-0055-65f3-b2c0-db8fbb87beae_0091.jpg,metformin,train
train/metformin/metformin_0230a3c3-34cf-478b-88c3-4d96e5300018_0077.jpg,metformin,train
train/metformin/metformin_6d6ee6f8-9650-ff4f-e053-2991aa0acf19_0019.jpg,metformin,train
train/metformin/metformin_5cff87ef-97f9-4e3c-9e06-fd257f3cb3fb_0138.jpg,metformin,train
train/metformin/metformin_ff196435-14f4-8b9d-e053-6294a90a4ee8_0037.jpg,metformin,train
train/metformin/metformin_49a0b5c2-ebaf-4c4c-905f-dfd1962ac647_0007.jpg,metformin,train
train/metformin/metformin_5ff2cd9e-a579-48f5-845f-c37a68372a34_0148.jpg,metformin,train
train/metformin/metformin_fb832474-88d9-4e29-95cd-fbc446944cc4_0076.jpg,metformin,train
train/metformin/metformin_49a0b5c2-ebaf-4c4c-905f-dfd1962ac647_0008.jpg,metformin,train
train/metformin/metformin_6d6ee6f8-9650-ff4f-e053-2991aa0acf19_0020.jpg,metformin,train
train/metformin/metformin_21cbb326-9dee-40ec-ac25-0dad79e3302b_0108.jpg,metformin,train
train/metformin/metformin_5cff87ef-97f9-4e3c-9e06-fd257f3cb3fb_0135.jpg,metformin,train
train/metformin/metformin_cc070735-5e8d-4bb3-9caa-e84d29bb8943_0000.jpg,metformin,train
train/metformin/metformin_8cd5555c-f6b2-28d8-e053-2a95a90a5f1e_0063.jpg,metformin,train
train/metformin/metformin_5ff2cd9e-a579-48f5-845f-c37a68372a34_0146.jpg,metformin,train
train/metformin/metformin_5cff87ef-97f9-4e3c-9e06-fd257f3cb3fb_0129.jpg,metformin,train
train/metformin/metformin_a5980bc8-8de8-c456-e053-2a95a90a792e_0031.jpg,metformin,train
train/metformin/metformin_2a84c550-aed8-4058-961f-351a5e4cf7a1_0113.jpg,metformin,train
train/metformin/metformin_0fdd0255-0055-65f3-b2c0-db8fbb87beae_0092.jpg,metformin,train
train/metformin/metformin_37ff1b8e-a434-41c0-82e1-4583842921a5_0040.jpg,metformin,train
train/metformin/metformin_49a0b5c2-ebaf-4c4c-905f-dfd1962ac647_0003.jpg,metformin,train
train/metformin/metformin_c37b511c-1e33-4941-bd12-df0447a50ca9_0015.jpg,metformin,train
train/metformin/metformin_0fdd0255-0055-65f3-b2c0-db8fbb87beae_0089.jpg,metformin,train
train/metformin/metformin_37ff1b8e-a434-41c0-82e1-4583842921a5_0042.jpg,metformin,train
train/metformin/metformin_ff196435-14f4-8b9d-e053-6294a90a4ee8_0038.jpg,metformin,train
train/metformin/metformin_49a0b5c2-ebaf-4c4c-905f-dfd1962ac647_0013.jpg,metformin,train
train/metformin/metformin_30658e19-8e6e-49aa-a007-e414224797c5_0117.jpg,metformin,train
train/metformin/metformin_30658e19-8e6e-49aa-a007-e414224797c5_0122.jpg,metformin,train
train/metformin/metformin_fb832474-88d9-4e29-95cd-fbc446944cc4_0073.jpg,metformin,train
train/metformin/metformin_c37b511c-1e33-4941-bd12-df0447a50ca9_0016.jpg,metformin,train
train/metformin/metformin_13be49d2-0ce9-a78a-e557-ded85ddc808f_0102.jpg,metformin,train
train/metformin/metformin_5ff2cd9e-a579-48f5-845f-c37a68372a34_0143.jpg,metformin,train
train/metformin/metformin_8cd5555c-f6b2-28d8-e053-2a95a90a5f1e_0059.jpg,metformin,train
train/metformin/metformin_8cd5555c-f6b2-28d8-e053-2a95a90a5f1e_0053.jpg,metformin,train
train/metformin/metformin_07b4ee2a-8435-4d38-a6b0-b919e3424153_0081.jpg,metformin,train
train/metformin/metformin_6d6ee6f8-9650-ff4f-e053-2991aa0acf19_0021.jpg,metformin,train
train/metformin/metformin_5cff87ef-97f9-4e3c-9e06-fd257f3cb3fb_0130.jpg,metformin,train
train/metformin/metformin_60142fb2-16da-4f54-a542-74f9a70b9c8b_0045.jpg,metformin,train
train/metformin/metformin_07b4ee2a-8435-4d38-a6b0-b919e3424153_0079.jpg,metformin,train
train/metformin/metformin_30658e19-8e6e-49aa-a007-e414224797c5_0124.jpg,metformin,train
train/metformin/metformin_8cd5555c-f6b2-28d8-e053-2a95a90a5f1e_0064.jpg,metformin,train
train/metformin/metformin_30658e19-8e6e-49aa-a007-e414224797c5_0119.jpg,metformin,train
train/metformin/metformin_0fdd0255-0055-65f3-b2c0-db8fbb87beae_0086.jpg,metformin,train
val/metformin/metformin_86ca843a-441b-488d-be1d-2576aeee19cf_0027.jpg,metformin,val
val/metformin/metformin_07b4ee2a-8435-4d38-a6b0-b919e3424153_0080.jpg,metformin,val
val/metformin/metformin_082b4de9-e452-fe71-e063-6394a90ac863_0083.jpg,metformin,val
val/metformin/metformin_b857eccf-b9ff-45ba-8241-f47f5caada2a_0069.jpg,metformin,val
val/metformin/metformin_5cff87ef-97f9-4e3c-9e06-fd257f3cb3fb_0134.jpg,metformin,val
val/metformin/metformin_8cd5555c-f6b2-28d8-e053-2a95a90a5f1e_0054.jpg,metformin,val
val/metformin/metformin_60142fb2-16da-4f54-a542-74f9a70b9c8b_0046.jpg,metformin,val
val/metformin/metformin_5cff87ef-97f9-4e3c-9e06-fd257f3cb3fb_0131.jpg,metformin,val
val/metformin/metformin_30658e19-8e6e-49aa-a007-e414224797c5_0123.jpg,metformin,val
val/metformin/metformin_1200ea71-8a9e-4e49-bb77-7d9fe0d84ae7_0050.jpg,metformin,val
val/metformin/metformin_49a0b5c2-ebaf-4c4c-905f-dfd1962ac647_0011.jpg,metformin,val
val/metformin/metformin_2a84c550-aed8-4058-961f-351a5e4cf7a1_0114.jpg,metformin,val
val/metformin/metformin_49a0b5c2-ebaf-4c4c-905f-dfd1962ac647_0014.jpg,metformin,val
val/metformin/metformin_f39ee08d-73db-71b9-e053-2995a90a877c_0035.jpg,metformin,val
val/metformin/metformin_b857eccf-b9ff-45ba-8241-f47f5caada2a_0070.jpg,metformin,val
val/metformin/metformin_0fdd0255-0055-65f3-b2c0-db8fbb87beae_0088.jpg,metformin,val
val/metformin/metformin_ff196435-14f4-8b9d-e053-6294a90a4ee8_0039.jpg,metformin,val
val/metformin/metformin_0fdd0255-0055-65f3-b2c0-db8fbb87beae_0090.jpg,metformin,val
val/metformin/metformin_5cff87ef-97f9-4e3c-9e06-fd257f3cb3fb_0133.jpg,metformin,val
val/metformin/metformin_5cff87ef-97f9-4e3c-9e06-fd257f3cb3fb_0132.jpg,metformin,val
val/metformin/metformin_8cd5555c-f6b2-28d8-e053-2a95a90a5f1e_0055.jpg,metformin,val
val/metformin/metformin_5ff2cd9e-a579-48f5-845f-c37a68372a34_0141.jpg,metformin,val
test/metformin/metformin_6d6ee6f8-9650-ff4f-e053-2991aa0acf19_0017.jpg,metformin,test
test/metformin/metformin_1200ea71-8a9e-4e49-bb77-7d9fe0d84ae7_0047.jpg,metformin,test
test/metformin/metformin_5cff87ef-97f9-4e3c-9e06-fd257f3cb3fb_0128.jpg,metformin,test
test/metformin/metformin_0230a3c3-34cf-478b-88c3-4d96e5300018_0078.jpg,metformin,test
test/metformin/metformin_082b4de9-e452-fe71-e063-6394a90ac863_0085.jpg,metformin,test
test/metformin/metformin_f39ee08d-73db-71b9-e053-2995a90a877c_0034.jpg,metformin,test
test/metformin/metformin_21cbb326-9dee-40ec-ac25-0dad79e3302b_0109.jpg,metformin,test
test/metformin/metformin_8cd5555c-f6b2-28d8-e053-2a95a90a5f1e_0062.jpg,metformin,test
test/metformin/metformin_8080eedb-e955-4059-98b2-9685b608eb3e_0026.jpg,metformin,test
test/metformin/metformin_30658e19-8e6e-49aa-a007-e414224797c5_0121.jpg,metformin,test
test/metformin/metformin_49a0b5c2-ebaf-4c4c-905f-dfd1962ac647_0009.jpg,metformin,test
test/metformin/metformin_397c2bf4-35be-4e75-b5a6-426e3fa09548_0127.jpg,metformin,test
test/metformin/metformin_13be49d2-0ce9-a78a-e557-ded85ddc808f_0104.jpg,metformin,test
test/metformin/metformin_397c2bf4-35be-4e75-b5a6-426e3fa09548_0126.jpg,metformin,test
test/metformin/metformin_b857eccf-b9ff-45ba-8241-f47f5caada2a_0068.jpg,metformin,test
test/metformin/metformin_b857eccf-b9ff-45ba-8241-f47f5caada2a_0067.jpg,metformin,test
test/metformin/metformin_6d6ee6f8-9650-ff4f-e053-2991aa0acf19_0018.jpg,metformin,test
test/metformin/metformin_a5980bc8-8de8-c456-e053-2a95a90a792e_0033.jpg,metformin,test
test/metformin/metformin_5ff2cd9e-a579-48f5-845f-c37a68372a34_0147.jpg,metformin,test
test/metformin/metformin_2a84c550-aed8-4058-961f-351a5e4cf7a1_0116.jpg,metformin,test
test/metformin/metformin_8cd5555c-f6b2-28d8-e053-2a95a90a5f1e_0057.jpg,metformin,test
test/metformin/metformin_86ca843a-441b-488d-be1d-2576aeee19cf_0029.jpg,metformin,test
test/metformin/metformin_b857eccf-b9ff-45ba-8241-f47f5caada2a_0066.jpg,metformin,test
train/naproxen/naproxen_e519fa49-5bd9-405c-a7fb-1403edb8976b_0135.jpg,naproxen,train
train/naproxen/naproxen_79f48c92-783d-40f2-9865-89958a9f9de6_0101.jpg,naproxen,train
train/naproxen/naproxen_43912294-77c9-eda8-e063-6394a90adf0a_0065.jpg,naproxen,train
train/naproxen/naproxen_fa2fe6fd-c476-dd29-e053-6294a90a9e9e_0137.jpg,naproxen,train
train/naproxen/naproxen_6368a3be-4b79-466b-8ec4-11fc3ac623cc_0094.jpg,naproxen,train
train/naproxen/naproxen_7c22a2d6-821c-4f83-aead-e756aed930e5_0025.jpg,naproxen,train
train/naproxen/naproxen_0e7697ad-25c6-4405-9f9b-791633cb1ef7_0061.jpg,naproxen,train
train/naproxen/naproxen_12202ef3-c65e-45a6-88ed-5d945d8fd41c_0141.jpg,naproxen,train
train/naproxen/naproxen_7c22a2d6-821c-4f83-aead-e756aed930e5_0026.jpg,naproxen,train
train/naproxen/naproxen_3952324e-77f4-4117-a97a-ab5651130058_0048.jpg,naproxen,train
train/naproxen/naproxen_81e22c1f-f94d-46e9-8b7d-72dc2518319e_0107.jpg,naproxen,train
train/naproxen/naproxen_570974d4-0d5b-4df2-b307-37380511835d_0090.jpg,naproxen,train
train/naproxen/naproxen_1c5b2bc1-26bb-4f88-bded-399263c82331_0078.jpg,naproxen,train
train/naproxen/naproxen_8edec8d1-a323-436b-8329-c327438516e3_0117.jpg,naproxen,train
train/naproxen/naproxen_6c2c087c-e36d-4971-b977-d3cab6d6edee_0097.jpg,naproxen,train
train/naproxen/naproxen_00ef5b30-71d0-4cb4-84a3-48c67d1cea2a_0015.jpg,naproxen,train
train/naproxen/naproxen_79f48c92-783d-40f2-9865-89958a9f9de6_0102.jpg,naproxen,train
train/naproxen/naproxen_145cdcc0-9bd5-4a0e-81fc-11a24d181980_0072.jpg,naproxen,train
train/naproxen/naproxen_fa2fe6fd-c476-dd29-e053-6294a90a9e9e_0136.jpg,naproxen,train
train/naproxen/naproxen_6bb65680-76ea-46e5-ae70-f3091e360368_0003.jpg,naproxen,train
train/naproxen/naproxen_36bf8594-9303-c816-e063-6294a90af705_0004.jpg,naproxen,train
train/naproxen/naproxen_46e7b298-9e19-49b6-be71-e4fdcb09a5d4_0067.jpg,naproxen,train
train/naproxen/naproxen_e6fbf8f1-b064-658d-17bb-e7d6320aa45f_0059.jpg,naproxen,train
train/naproxen/naproxen_e519fa49-5bd9-405c-a7fb-1403edb8976b_0134.jpg,naproxen,train
train/naproxen/naproxen_1266393e-b55e-4e34-9710-0b87209f4158_0020.jpg,naproxen,train
train/naproxen/naproxen_7ca657dc-4376-4693-8568-99351fac8186_0010.jpg,naproxen,train
train/naproxen/naproxen_3bd60171-c073-441a-8d59-c85efee69e07_0064.jpg,naproxen,train
train/naproxen/naproxen_3c0ddd25-5a9a-4628-a971-65fe2a9775b5_0005.jpg,naproxen,train
train/naproxen/naproxen_5ab980c0-c48a-233b-e053-2991aa0a4fd1_0023.jpg,naproxen,train
train/naproxen/naproxen_8c3398bd-66b1-4a14-8aaa-e4a2d6749a08_0115.jpg,naproxen,train
train/naproxen/naproxen_205b1159-06e5-0d48-e063-6294a90acbd8_0083.jpg,naproxen,train
train/naproxen/naproxen_00ef5b30-71d0-4cb4-84a3-48c67d1cea2a_0016.jpg,naproxen,train
train/naproxen/naproxen_1c5b2bc1-26bb-4f88-bded-399263c82331_0076.jpg,naproxen,train
train/naproxen/naproxen_e6fbf8f1-b064-658d-17bb-e7d6320aa45f_0057.jpg,naproxen,train
train/naproxen/naproxen_81e22c1f-f94d-46e9-8b7d-72dc2518319e_0111.jpg,naproxen,train
train/naproxen/naproxen_0e7697ad-25c6-4405-9f9b-791633cb1ef7_0060.jpg,naproxen,train
train/naproxen/naproxen_570974d4-0d5b-4df2-b307-37380511835d_0092.jpg,naproxen,train
train/naproxen/naproxen_81e22c1f-f94d-46e9-8b7d-72dc2518319e_0108.jpg,naproxen,train
train/naproxen/naproxen_6bb65680-76ea-46e5-ae70-f3091e360368_0002.jpg,naproxen,train
train/naproxen/naproxen_79f48c92-783d-40f2-9865-89958a9f9de6_0098.jpg,naproxen,train
train/naproxen/naproxen_205b1159-06e5-0d48-e063-6294a90acbd8_0085.jpg,naproxen,train
train/naproxen/naproxen_81e22c1f-f94d-46e9-8b7d-72dc2518319e_0109.jpg,naproxen,train
train/naproxen/naproxen_86a3e612-3bfe-432f-9afd-972bb8a6644e_0147.jpg,naproxen,train
train/naproxen/naproxen_c1cb9bb9-fbae-5e5c-e053-2995a90a0d21_0037.jpg,naproxen,train
train/naproxen/naproxen_cfa88511-40bb-4658-b606-44c68d0746b7_0129.jpg,naproxen,train
train/naproxen/naproxen_86a3e612-3bfe-432f-9afd-972bb8a6644e_0148.jpg,naproxen,train
train/naproxen/naproxen_205b1159-06e5-0d48-e063-6294a90acbd8_0080.jpg,naproxen,train
train/naproxen/naproxen_c1cb9bb9-fbae-5e5c-e053-2995a90a0d21_0036.jpg,naproxen,train
train/naproxen/naproxen_b500bdba-946a-41ff-855c-1f2937547d01_0125.jpg,naproxen,train
train/naproxen/naproxen_27938b08-ff37-4587-aa81-5ec3ef21a28a_0000.jpg,naproxen,train
train/naproxen/naproxen_81e22c1f-f94d-46e9-8b7d-72dc2518319e_0114.jpg,naproxen,train
train/naproxen/naproxen_0d59780a-ef22-4b67-8b42-9795dbec8db0_0042.jpg,naproxen,train
train/naproxen/naproxen_2d01e583-670a-46f4-b5f2-3fad46d0376f_0140.jpg,naproxen,train
train/naproxen/naproxen_96ed12a3-fa76-4afd-bee8-1ab19eb607f3_0123.jpg,naproxen,train
train/naproxen/naproxen_79f48c92-783d-40f2-9865-89958a9f9de6_0105.jpg,naproxen,train
train/naproxen/naproxen_96ed12a3-fa76-4afd-bee8-1ab19eb607f3_0122.jpg,naproxen,train
train/naproxen/naproxen_6376e1b8-52c4-0519-e053-2a91aa0af35f_0024.jpg,naproxen,train
train/naproxen/naproxen_205b1159-06e5-0d48-e063-6294a90acbd8_0086.jpg,naproxen,train
train/naproxen/naproxen_129392c8-8ce1-4b78-8863-042db880095f_0070.jpg,naproxen,train
train/naproxen/naproxen_79f48c92-783d-40f2-9865-89958a9f9de6_0104.jpg,naproxen,train
train/naproxen/naproxen_12202ef3-c65e-45a6-88ed-5d945d8fd41c_0143.jpg,naproxen,train
train/naproxen/naproxen_c1cb9bb9-fbae-5e5c-e053-2995a90a0d21_0035.jpg,naproxen,train
train/naproxen/naproxen_96ed12a3-fa76-4afd-bee8-1ab19eb607f3_0120.jpg,naproxen,train
train/naproxen/naproxen_81e22c1f-f94d-46e9-8b7d-72dc2518319e_0112.jpg,naproxen,train
train/naproxen/naproxen_12202ef3-c65e-45a6-88ed-5d945d8fd41c_0142.jpg,naproxen,train
train/naproxen/naproxen_129392c8-8ce1-4b78-8863-042db880095f_0071.jpg,naproxen,train
train/naproxen/naproxen_570974d4-0d5b-4df2-b307-37380511835d_0091.jpg,naproxen,train
train/naproxen/naproxen_205b1159-06e5-0d48-e063-6294a90acbd8_0087.jpg,naproxen,train
train/naproxen/naproxen_0d59780a-ef22-4b67-8b42-9795dbec8db0_0043.jpg,naproxen,train
train/naproxen/naproxen_c1cb9bb9-fbae-5e5c-e053-2995a90a0d21_0034.jpg,naproxen,train
train/naproxen/naproxen_7c22a2d6-821c-4f83-aead-e756aed930e5_0029.jpg,naproxen,train
train/naproxen/naproxen_79f48c92-783d-40f2-9865-89958a9f9de6_0103.jpg,naproxen,train
train/naproxen/naproxen_d9c63e1f-c2ad-434b-8a21-7fff21b7477b_0131.jpg,naproxen,train
train/naproxen/naproxen_181c2d5b-2c61-bf20-e063-6294a90a3f7f_0063.jpg,naproxen,train
train/naproxen/naproxen_7c22a2d6-821c-4f83-aead-e756aed930e5_0028.jpg,naproxen,train
train/naproxen/naproxen_3f2ec27e-0e96-4028-a1fa-114e6d501464_0052.jpg,naproxen,train
train/naproxen/naproxen_599ea6c8-03ad-536e-e053-2991aa0a83a3_0022.jpg,naproxen,train
train/naproxen/naproxen_b500bdba-946a-41ff-855c-1f2937547d01_0126.jpg,naproxen,train
train/naproxen/naproxen_00bd8490-f280-4336-b13d-0e11c0bf4586_0069.jpg,naproxen,train
train/naproxen/naproxen_1f8da545-bcfe-4c22-a9f1-d34108120aa0_0044.jpg,naproxen,train
train/naproxen/naproxen_37de42a6-701b-7f6e-e631-519e2ea78b54_0144.jpg,naproxen,train
train/naproxen/naproxen_d9a0c6e7-a70e-479a-9737-e81a2887c778_0049.jpg,naproxen,train
train/naproxen/naproxen_96ed12a3-fa76-4afd-bee8-1ab19eb607f3_0121.jpg,naproxen,train
train/naproxen/naproxen_86a3e612-3bfe-432f-9afd-972bb8a6644e_0149.jpg,naproxen,train
train/naproxen/naproxen_1f8da545-bcfe-4c22-a9f1-d34108120aa0_0045.jpg,naproxen,train
train/naproxen/naproxen_3f2ec27e-0e96-4028-a1fa-114e6d501464_0054.jpg,naproxen,train
train/naproxen/naproxen_67815abd-5e97-4ccb-ac9b-28c2ef6123e7_0007.jpg,naproxen,train
train/naproxen/naproxen_145cdcc0-9bd5-4a0e-81fc-11a24d181980_0073.jpg,naproxen,train
train/naproxen/naproxen_37de42a6-701b-7f6e-e631-519e2ea78b54_0146.jpg,naproxen,train
train/naproxen/naproxen_6368a3be-4b79-466b-8ec4-11fc3ac623cc_0093.jpg,naproxen,train
train/naproxen/naproxen_82891458-ab0d-459a-8602-dcebd22c3010_0030.jpg,naproxen,train
train/naproxen/naproxen_67815abd-5e97-4ccb-ac9b-28c2ef6123e7_0009.jpg,naproxen,train
train/naproxen/naproxen_0d59780a-ef22-4b67-8b42-9795dbec8db0_0040.jpg,naproxen,train
train/naproxen/naproxen_3f2ec27e-0e96-4028-a1fa-114e6d501464_0053.jpg,naproxen,train
train/naproxen/naproxen_81e22c1f-f94d-46e9-8b7d-72dc2518319e_0110.jpg,naproxen,train
train/naproxen/naproxen_205b1159-06e5-0d48-e063-6294a90acbd8_0084.jpg,naproxen,train
train/naproxen/naproxen_7ca657dc-4376-4693-8568-99351fac8186_0014.jpg,naproxen,train
train/naproxen/naproxen_d5984c9d-3941-45d6-8392-87564b2faae0_0068.jpg,naproxen,train
train/naproxen/naproxen_3c0ddd25-5a9a-4628-a971-65fe2a9775b5_0006.jpg,naproxen,train
train/naproxen/naproxen_205b1159-06e5-0d48-e063-6294a90acbd8_0081.jpg,naproxen,train
train/naproxen/naproxen_6368a3be-4b79-466b-8ec4-11fc3ac623cc_0096.jpg,naproxen,train
train/naproxen/naproxen_2d01e583-670a-46f4-b5f2-3fad46d0376f_0138.jpg,naproxen,train
train/naproxen/naproxen_cfa88511-40bb-4658-b606-44c68d0746b7_0130.jpg,naproxen,train
train/naproxen/naproxen_0d59780a-ef22-4b67-8b42-9795dbec8db0_0041.jpg,naproxen,train
train/naproxen/naproxen_7ca657dc-4376-4693-8568-99351fac8186_0013.jpg,naproxen,train
val/naproxen/naproxen_0ad8bbb9-dd5f-4273-b085-ee3e5ed22613_0018.jpg,naproxen,val
val/naproxen/naproxen_2d01e583-670a-46f4-b5f2-3fad46d0376f_0139.jpg,naproxen,val
val/naproxen/naproxen_a9f9ce81-9d51-4167-9581-974866a8fe31_0124.jpg,naproxen,val
val/naproxen/naproxen_c69f4926-c5cd-63a0-e053-2a95a90a2ca6_0038.jpg,naproxen,val
val/naproxen/naproxen_181c2d5b-2c61-bf20-e063-6294a90a3f7f_0062.jpg,naproxen,val
val/naproxen/naproxen_79f48c92-783d-40f2-9865-89958a9f9de6_0100.jpg,naproxen,val
val/naproxen/naproxen_1f8da545-bcfe-4c22-a9f1-d34108120aa0_0047.jpg,naproxen,val
val/naproxen/naproxen_205b1159-06e5-0d48-e063-6294a90acbd8_0082.jpg,naproxen,val
val/naproxen/naproxen_43912294-77c9-eda8-e063-6394a90adf0a_0066.jpg,naproxen,val
val/naproxen/naproxen_1c5b2bc1-26bb-4f88-bded-399263c82331_0075.jpg,naproxen,val
val/naproxen/naproxen_3b5442c6-c6e1-4df3-8cec-40bbb4ec469f_0021.jpg,naproxen,val
val/naproxen/naproxen_82891458-ab0d-459a-8602-dcebd22c3010_0031.jpg,naproxen,val
val/naproxen/naproxen_6bb65680-76ea-46e5-ae70-f3091e360368_0001.jpg,naproxen,val
val/naproxen/naproxen_1c5b2bc1-26bb-4f88-bded-399263c82331_0077.jpg,naproxen,val
val/naproxen/naproxen_3f2ec27e-0e96-4028-a1fa-114e6d501464_0051.jpg,naproxen,val
val/naproxen/naproxen_e0f430fd-4511-41c8-b5e9-894abe4f3c37_0133.jpg,naproxen,val
val/naproxen/naproxen_e6fbf8f1-b064-658d-17bb-e7d6320aa45f_0058.jpg,naproxen,val
val/naproxen/naproxen_0ad8bbb9-dd5f-4273-b085-ee3e5ed22613_0017.jpg,naproxen,val
val/naproxen/naproxen_e6fbf8f1-b064-658d-17bb-e7d6320aa45f_0056.jpg,naproxen,val
val/naproxen/naproxen_7ca657dc-4376-4693-8568-99351fac8186_0012.jpg,naproxen,val
val/naproxen/naproxen_c69f4926-c5cd-63a0-e053-2a95a90a2ca6_0039.jpg,naproxen,val
val/naproxen/naproxen_c0769941-bcf2-4237-b70c-a79089ad5335_0128.jpg,naproxen,val
test/naproxen/naproxen_79f48c92-783d-40f2-9865-89958a9f9de6_0099.jpg,naproxen,test
test/naproxen/naproxen_8edec8d1-a323-436b-8329-c327438516e3_0118.jpg,naproxen,test
test/naproxen/naproxen_205b1159-06e5-0d48-e063-6294a90acbd8_0088.jpg,naproxen,test
test/naproxen/naproxen_7c22a2d6-821c-4f83-aead-e756aed930e5_0027.jpg,naproxen,test
test/naproxen/naproxen_37de42a6-701b-7f6e-e631-519e2ea78b54_0145.jpg,naproxen,test
test/naproxen/naproxen_8c3398bd-66b1-4a14-8aaa-e4a2d6749a08_0116.jpg,naproxen,test
test/naproxen/naproxen_6368a3be-4b79-466b-8ec4-11fc3ac623cc_0095.jpg,naproxen,test
test/naproxen/naproxen_b6205032-f5c6-494a-8b87-adbbbc3982e7_0127.jpg,naproxen,test
test/naproxen/naproxen_7ca657dc-4376-4693-8568-99351fac8186_0011.jpg,naproxen,test
test/naproxen/naproxen_a3745850-3e32-4884-b315-161bcb9996ed_0032.jpg,naproxen,test
test/naproxen/naproxen_1f8da545-bcfe-4c22-a9f1-d34108120aa0_0046.jpg,naproxen,test
test/naproxen/naproxen_79f48c92-783d-40f2-9865-89958a9f9de6_0106.jpg,naproxen,test
test/naproxen/naproxen_acea54a2-5a92-428e-a778-bb4f9d676782_0033.jpg,naproxen,test
test/naproxen/naproxen_44716954-006a-4c56-e063-6294a90a0f14_0055.jpg,naproxen,test
test/naproxen/naproxen_81e22c1f-f94d-46e9-8b7d-72dc2518319e_0113.jpg,naproxen,test
test/naproxen/naproxen_96ed12a3-fa76-4afd-bee8-1ab19eb607f3_0119.jpg,naproxen,test
test/naproxen/naproxen_67815abd-5e97-4ccb-ac9b-28c2ef6123e7_0008.jpg,naproxen,test
test/naproxen/naproxen_3f2ec27e-0e96-4028-a1fa-114e6d501464_0050.jpg,naproxen,test
test/naproxen/naproxen_16e107f0-45a3-428f-b849-0f20a848a602_0074.jpg,naproxen,test
test/naproxen/naproxen_e0f430fd-4511-41c8-b5e9-894abe4f3c37_0132.jpg,naproxen,test
test/naproxen/naproxen_0ad8bbb9-dd5f-4273-b085-ee3e5ed22613_0019.jpg,naproxen,test
test/naproxen/naproxen_43745d42-f859-4168-a2dd-2c8ae47ae590_0089.jpg,naproxen,test
test/naproxen/naproxen_1e2e6e3a-b095-4d5b-86fe-61eb44a87cf0_0079.jpg,naproxen,test
train/omeprazole/omeprazole_44f59d88-d401-950b-e063-6294a90a2a50_0009.jpg,omeprazole,train
train/omeprazole/omeprazole_530a8a66-48ad-474f-b170-c6fac95753ec_0045.jpg,omeprazole,train
train/omeprazole/omeprazole_1dc00f13-d1f5-15a0-32cc-4fc041865e72_0142.jpg,omeprazole,train
train/omeprazole/omeprazole_8090d4c3-3184-7812-53d7-aa30e14b79d1_0017.jpg,omeprazole,train
train/omeprazole/omeprazole_326bf21c-fad4-473e-9e7f-797319d4353a_0092.jpg,omeprazole,train
train/omeprazole/omeprazole_cb657607-b038-47ee-b4e7-a5f419a14c33_0060.jpg,omeprazole,train
train/omeprazole/omeprazole_ded71262-d17f-3799-e053-2995a90a5427_0128.jpg,omeprazole,train
train/omeprazole/omeprazole_f873dc20-c817-5e4f-e053-6394a90a04f2_0133.jpg,omeprazole,train
train/omeprazole/omeprazole_1ab3d84c-c563-6f04-e063-6394a90a34ff_0036.jpg,omeprazole,train
train/omeprazole/omeprazole_5d8b3f5f-f680-64ae-b360-c0bd06b2ac92_0147.jpg,omeprazole,train
train/omeprazole/omeprazole_205652e1-7fbc-4b6a-bbd6-2fd346d812df_0021.jpg,omeprazole,train
train/omeprazole/omeprazole_603d2d06-c5e8-4378-a422-8dca1a410af7_0047.jpg,omeprazole,train
train/omeprazole/omeprazole_3d6e07d1-38b1-f2ab-e063-6294a90a34ac_0107.jpg,omeprazole,train
train/omeprazole/omeprazole_28515ff8-379d-5356-e063-6394a90af3f3_0077.jpg,omeprazole,train
train/omeprazole/omeprazole_17ccdbe0-19c1-498d-8e81-578be549b4e5_0006.jpg,omeprazole,train
train/omeprazole/omeprazole_a19ce586-59b7-4c2e-9e8d-12e8f0f058e2_0026.jpg,omeprazole,train
train/omeprazole/omeprazole_665e9877-85ac-fdb6-54ac-1c47941ceab8_0010.jpg,omeprazole,train
train/omeprazole/omeprazole_5d8b3f5f-f680-64ae-b360-c0bd06b2ac92_0148.jpg,omeprazole,train
train/omeprazole/omeprazole_96104ea6-c08f-40b5-83f5-d840b317f1fd_0071.jpg,omeprazole,train
train/omeprazole/omeprazole_ab5d339b-2c02-611d-d5db-8e1891684fe0_0149.jpg,omeprazole,train
train/omeprazole/omeprazole_ed9895ae-3d18-434c-8b56-47bccdc8fe6d_0066.jpg,omeprazole,train
train/omeprazole/omeprazole_ded71262-d17f-3799-e053-2995a90a5427_0129.jpg,omeprazole,train
train/omeprazole/omeprazole_bab55f83-ba03-49a0-842a-19c9976b7fe8_0115.jpg,omeprazole,train
train/omeprazole/omeprazole_43090803-37de-77e3-e063-6294a90a8c43_0039.jpg,omeprazole,train
train/omeprazole/omeprazole_10a3fbc9-00c6-ad83-e063-6294a90ae1ad_0028.jpg,omeprazole,train
train/omeprazole/omeprazole_205652e1-7fbc-4b6a-bbd6-2fd346d812df_0019.jpg,omeprazole,train
train/omeprazole/omeprazole_10a3fbc9-00c6-ad83-e063-6294a90ae1ad_0029.jpg,omeprazole,train
train/omeprazole/omeprazole_2fd1acb8-12dc-70b7-e063-6394a90a0399_0104.jpg,omeprazole,train
train/omeprazole/omeprazole_bab55f83-ba03-49a0-842a-19c9976b7fe8_0116.jpg,omeprazole,train
train/omeprazole/omeprazole_302b1332-181b-834b-4154-d849cb3a1ef0_0143.jpg,omeprazole,train
train/omeprazole/omeprazole_0344268f-d8e6-48d5-b1e1-f750ed1d8a52_0072.jpg,omeprazole,train
train/omeprazole/omeprazole_aa8fc2ea-3942-453b-bc19-1e4b14ba6926_0088.jpg,omeprazole,train
train/omeprazole/omeprazole_3bbfa87d-f8b7-19bd-9f12-39cba31ae0b3_0145.jpg,omeprazole,train
train/omeprazole/omeprazole_a19ce586-59b7-4c2e-9e8d-12e8f0f058e2_0022.jpg,omeprazole,train
train/omeprazole/omeprazole_63b3982a-b541-4b0d-99d4-93a673e57d46_0081.jpg,omeprazole,train
train/omeprazole/omeprazole_5bda70ae-c3f6-450b-892f-6814795dd6ca_0120.jpg,omeprazole,train
train/omeprazole/omeprazole_603d2d06-c5e8-4378-a422-8dca1a410af7_0046.jpg,omeprazole,train
train/omeprazole/omeprazole_603d2d06-c5e8-4378-a422-8dca1a410af7_0052.jpg,omeprazole,train
train/omeprazole/omeprazole_bab55f83-ba03-49a0-842a-19c9976b7fe8_0112.jpg,omeprazole,train
train/omeprazole/omeprazole_d3c1ba08-680d-4e39-875c-1f1d42ae787c_0119.jpg,omeprazole,train
train/omeprazole/omeprazole_17ccdbe0-19c1-498d-8e81-578be549b4e5_0007.jpg,omeprazole,train
train/omeprazole/omeprazole_a19ce586-59b7-4c2e-9e8d-12e8f0f058e2_0023.jpg,omeprazole,train
train/omeprazole/omeprazole_603d2d06-c5e8-4378-a422-8dca1a410af7_0053.jpg,omeprazole,train
train/omeprazole/omeprazole_db9f071b-85f4-061f-e053-2995a90a3ff5_0002.jpg,omeprazole,train
train/omeprazole/omeprazole_8090d4c3-3184-7812-53d7-aa30e14b79d1_0015.jpg,omeprazole,train
train/omeprazole/omeprazole_f2195d73-1fd5-4de2-aa5c-18741d11f4fc_0068.jpg,omeprazole,train
train/omeprazole/omeprazole_2fd1acb8-12dc-70b7-e063-6394a90a0399_0102.jpg,omeprazole,train
train/omeprazole/omeprazole_603d2d06-c5e8-4378-a422-8dca1a410af7_0051.jpg,omeprazole,train
train/omeprazole/omeprazole_aa8fc2ea-3942-453b-bc19-1e4b14ba6926_0090.jpg,omeprazole,train
train/omeprazole/omeprazole_8753a131-f8b1-48e1-993b-73c1ee635fef_0058.jpg,omeprazole,train
train/omeprazole/omeprazole_63b3982a-b541-4b0d-99d4-93a673e57d46_0078.jpg,omeprazole,train
train/omeprazole/omeprazole_0344268f-d8e6-48d5-b1e1-f750ed1d8a52_0073.jpg,omeprazole,train
train/omeprazole/omeprazole_2fd1acb8-12dc-70b7-e063-6394a90a0399_0105.jpg,omeprazole,train
train/omeprazole/omeprazole_5bda70ae-c3f6-450b-892f-6814795dd6ca_0122.jpg,omeprazole,train
train/omeprazole/omeprazole_a19ce586-59b7-4c2e-9e8d-12e8f0f058e2_0024.jpg,omeprazole,train
train/omeprazole/omeprazole_603d2d06-c5e8-4378-a422-8dca1a410af7_0048.jpg,omeprazole,train
train/omeprazole/omeprazole_17ccdbe0-19c1-498d-8e81-578be549b4e5_0008.jpg,omeprazole,train
train/omeprazole/omeprazole_205652e1-7fbc-4b6a-bbd6-2fd346d812df_0020.jpg,omeprazole,train
train/omeprazole/omeprazole_911a08c4-ba73-4600-a5f2-7f26ba8c8604_0124.jpg,omeprazole,train
train/omeprazole/omeprazole_2fd1acb8-12dc-70b7-e063-6394a90a0399_0101.jpg,omeprazole,train
train/omeprazole/omeprazole_1dc00f13-d1f5-15a0-32cc-4fc041865e72_0141.jpg,omeprazole,train
train/omeprazole/omeprazole_603d2d06-c5e8-4378-a422-8dca1a410af7_0054.jpg,omeprazole,train
train/omeprazole/omeprazole_5bda70ae-c3f6-450b-892f-6814795dd6ca_0123.jpg,omeprazole,train
train/omeprazole/omeprazole_63b3982a-b541-4b0d-99d4-93a673e57d46_0082.jpg,omeprazole,train
train/omeprazole/omeprazole_6ea9a6f3-b756-4cdf-b3db-f666a2c17d66_0056.jpg,omeprazole,train
train/omeprazole/omeprazole_43090803-37de-77e3-e063-6294a90a8c43_0040.jpg,omeprazole,train
train/omeprazole/omeprazole_63b3982a-b541-4b0d-99d4-93a673e57d46_0080.jpg,omeprazole,train
train/omeprazole/omeprazole_a19ce586-59b7-4c2e-9e8d-12e8f0f058e2_0027.jpg,omeprazole,train
train/omeprazole/omeprazole_3b19d724-821b-61dc-e063-6294a90aa4d3_0139.jpg,omeprazole,train
train/omeprazole/omeprazole_77ed80a2-a482-4838-ac55-4865b5c31d9f_0075.jpg,omeprazole,train
train/omeprazole/omeprazole_2fd1acb8-12dc-70b7-e063-6394a90a0399_0097.jpg,omeprazole,train
train/omeprazole/omeprazole_665e9877-85ac-fdb6-54ac-1c47941ceab8_0012.jpg,omeprazole,train
train/omeprazole/omeprazole_186732a3-13b9-4ea2-ba54-424f63298a2e_0031.jpg,omeprazole,train
train/omeprazole/omeprazole_186732a3-13b9-4ea2-ba54-424f63298a2e_0030.jpg,omeprazole,train
train/omeprazole/omeprazole_43090803-37de-77e3-e063-6294a90a8c43_0041.jpg,omeprazole,train
train/omeprazole/omeprazole_5bda70ae-c3f6-450b-892f-6814795dd6ca_0121.jpg,omeprazole,train
train/omeprazole/omeprazole_88ad2e92-2228-49b2-bcee-1770fd30cb14_0003.jpg,omeprazole,train
train/omeprazole/omeprazole_4587f491-04ef-4c31-b7b6-bfafd31776fb_0043.jpg,omeprazole,train
train/omeprazole/omeprazole_a19ce586-59b7-4c2e-9e8d-12e8f0f058e2_0025.jpg,omeprazole,train
train/omeprazole/omeprazole_e235ef89-3592-4ca1-8c13-d7ce84b1001c_0065.jpg,omeprazole,train
train/omeprazole/omeprazole_0e1f5d7c-5956-3be7-e054-00144ff8d46c_0138.jpg,omeprazole,train
train/omeprazole/omeprazole_1ab3d84c-c563-6f04-e063-6394a90a34ff_0035.jpg,omeprazole,train
train/omeprazole/omeprazole_3d6e07d1-38b1-f2ab-e063-6294a90a34ac_0110.jpg,omeprazole,train
train/omeprazole/omeprazole_3b2cf6fd-72cb-fa53-e063-6394a90a674a_0137.jpg,omeprazole,train
train/omeprazole/omeprazole_3724b8f7-52ff-a5f8-e063-6294a90acf20_0096.jpg,omeprazole,train
train/omeprazole/omeprazole_bb7c1c5d-b915-42f5-a5a2-5f61b088028d_0087.jpg,omeprazole,train
train/omeprazole/omeprazole_921bf750-9dd7-42ff-82bb-043b03f0fe69_0126.jpg,omeprazole,train
train/omeprazole/omeprazole_2fd1acb8-12dc-70b7-e063-6394a90a0399_0100.jpg,omeprazole,train
train/omeprazole/omeprazole_302b1332-181b-834b-4154-d849cb3a1ef0_0144.jpg,omeprazole,train
train/omeprazole/omeprazole_6ea9a6f3-b756-4cdf-b3db-f666a2c17d66_0055.jpg,omeprazole,train
train/omeprazole/omeprazole_8090d4c3-3184-7812-53d7-aa30e14b79d1_0013.jpg,omeprazole,train
train/omeprazole/omeprazole_40b4e1b6-f64d-44d5-bfc2-0cb8f78d9e67_0118.jpg,omeprazole,train
train/omeprazole/omeprazole_1ab3d84c-c563-6f04-e063-6394a90a34ff_0033.jpg,omeprazole,train
train/omeprazole/omeprazole_3b2bf501-fd81-6ffa-e063-6394a90afe42_0135.jpg,omeprazole,train
train/omeprazole/omeprazole_bab55f83-ba03-49a0-842a-19c9976b7fe8_0114.jpg,omeprazole,train
train/omeprazole/omeprazole_63b3982a-b541-4b0d-99d4-93a673e57d46_0083.jpg,omeprazole,train
train/omeprazole/omeprazole_96104ea6-c08f-40b5-83f5-d840b317f1fd_0070.jpg,omeprazole,train
train/omeprazole/omeprazole_8090d4c3-3184-7812-53d7-aa30e14b79d1_0014.jpg,omeprazole,train
train/omeprazole/omeprazole_8090d4c3-3184-7812-53d7-aa30e14b79d1_0016.jpg,omeprazole,train
train/omeprazole/omeprazole_1ab3d84c-c563-6f04-e063-6394a90a34ff_0038.jpg,omeprazole,train
train/omeprazole/omeprazole_665e9877-85ac-fdb6-54ac-1c47941ceab8_0011.jpg,omeprazole,train
train/omeprazole/omeprazole_921bf750-9dd7-42ff-82bb-043b03f0fe69_0127.jpg,omeprazole,train
train/omeprazole/omeprazole_2fd1acb8-12dc-70b7-e063-6394a90a0399_0103.jpg,omeprazole,train
train/omeprazole/omeprazole_bab55f83-ba03-49a0-842a-19c9976b7fe8_0113.jpg,omeprazole,train
train/omeprazole/omeprazole_ddc8d73f-f4a1-42a7-89ee-420346820f61_0063.jpg,omeprazole,train
val/omeprazole/omeprazole_aa8fc2ea-3942-453b-bc19-1e4b14ba6926_0089.jpg,omeprazole,val
val/omeprazole/omeprazole_ed9895ae-3d18-434c-8b56-47bccdc8fe6d_0067.jpg,omeprazole,val
val/omeprazole/omeprazole_603d2d06-c5e8-4378-a422-8dca1a410af7_0050.jpg,omeprazole,val
val/omeprazole/omeprazole_35a79458-79f6-44d6-b74c-b4f4aaf0dde0_0074.jpg,omeprazole,val
val/omeprazole/omeprazole_afda9d2c-b141-4c32-a5b4-e850974b30a3_0086.jpg,omeprazole,val
val/omeprazole/omeprazole_3d6e07d1-38b1-f2ab-e063-6294a90a34ac_0109.jpg,omeprazole,val
val/omeprazole/omeprazole_3d6e07d1-38b1-f2ab-e063-6294a90a34ac_0108.jpg,omeprazole,val
val/omeprazole/omeprazole_ded71262-d17f-3799-e053-2995a90a5427_0130.jpg,omeprazole,val
val/omeprazole/omeprazole_8753a131-f8b1-48e1-993b-73c1ee635fef_0057.jpg,omeprazole,val
val/omeprazole/omeprazole_530a8a66-48ad-474f-b170-c6fac95753ec_0044.jpg,omeprazole,val
val/omeprazole/omeprazole_db9f071b-85f4-061f-e053-2995a90a3ff5_0001.jpg,omeprazole,val
val/omeprazole/omeprazole_883e428a-e157-4bbf-8657-e7a93dc99e8c_0084.jpg,omeprazole,val
val/omeprazole/omeprazole_cb657607-b038-47ee-b4e7-a5f419a14c33_0059.jpg,omeprazole,val
val/omeprazole/omeprazole_3d6e07d1-38b1-f2ab-e063-6294a90a34ac_0111.jpg,omeprazole,val
val/omeprazole/omeprazole_cb657607-b038-47ee-b4e7-a5f419a14c33_0061.jpg,omeprazole,val
val/omeprazole/omeprazole_921bf750-9dd7-42ff-82bb-043b03f0fe69_0125.jpg,omeprazole,val
val/omeprazole/omeprazole_1ab3d84c-c563-6f04-e063-6394a90a34ff_0037.jpg,omeprazole,val
val/omeprazole/omeprazole_4587f491-04ef-4c31-b7b6-bfafd31776fb_0042.jpg,omeprazole,val
val/omeprazole/omeprazole_afda9d2c-b141-4c32-a5b4-e850974b30a3_0085.jpg,omeprazole,val
val/omeprazole/omeprazole_63b3982a-b541-4b0d-99d4-93a673e57d46_0079.jpg,omeprazole,val
val/omeprazole/omeprazole_3724b8f7-52ff-a5f8-e063-6294a90acf20_0095.jpg,omeprazole,val
val/omeprazole/omeprazole_015b1c8f-9d5b-4afc-a55c-1a731b5fc72a_0000.jpg,omeprazole,val
test/omeprazole/omeprazole_603d2d06-c5e8-4378-a422-8dca1a410af7_0049.jpg,omeprazole,test
test/omeprazole/omeprazole_3724b8f7-52ff-a5f8-e063-6294a90acf20_0094.jpg,omeprazole,test
test/omeprazole/omeprazole_f9aab207-d309-49b5-b941-c2912b186583_0069.jpg,omeprazole,test
test/omeprazole/omeprazole_3b19d724-821b-61dc-e063-6294a90aa4d3_0140.jpg,omeprazole,test
test/omeprazole/omeprazole_ded71262-d17f-3799-e053-2995a90a5427_0131.jpg,omeprazole,test
test/omeprazole/omeprazole_2fd1acb8-12dc-70b7-e063-6394a90a0399_0098.jpg,omeprazole,test
test/omeprazole/omeprazole_2fd1acb8-12dc-70b7-e063-6394a90a0399_0099.jpg,omeprazole,test
test/omeprazole/omeprazole_1ab3d84c-c563-6f04-e063-6394a90a34ff_0034.jpg,omeprazole,test
test/omeprazole/omeprazole_88ad2e92-2228-49b2-bcee-1770fd30cb14_0004.jpg,omeprazole,test
test/omeprazole/omeprazole_f873dc20-c817-5e4f-e053-6394a90a04f2_0132.jpg,omeprazole,test
test/omeprazole/omeprazole_28515ff8-379d-5356-e063-6394a90af3f3_0076.jpg,omeprazole,test
test/omeprazole/omeprazole_326bf21c-fad4-473e-9e7f-797319d4353a_0093.jpg,omeprazole,test
test/omeprazole/omeprazole_e235ef89-3592-4ca1-8c13-d7ce84b1001c_0064.jpg,omeprazole,test
test/omeprazole/omeprazole_17ccdbe0-19c1-498d-8e81-578be549b4e5_0005.jpg,omeprazole,test
test/omeprazole/omeprazole_3b2cf6fd-72cb-fa53-e063-6394a90a674a_0136.jpg,omeprazole,test
test/omeprazole/omeprazole_40b4e1b6-f64d-44d5-bfc2-0cb8f78d9e67_0117.jpg,omeprazole,test
test/omeprazole/omeprazole_aa8fc2ea-3942-453b-bc19-1e4b14ba6926_0091.jpg,omeprazole,test
test/omeprazole/omeprazole_3bbfa87d-f8b7-19bd-9f12-39cba31ae0b3_0146.jpg,omeprazole,test
test/omeprazole/omeprazole_205652e1-7fbc-4b6a-bbd6-2fd346d812df_0018.jpg,omeprazole,test
test/omeprazole/omeprazole_3b2bf501-fd81-6ffa-e063-6394a90afe42_0134.jpg,omeprazole,test
test/omeprazole/omeprazole_37291cab-e350-d8e3-e063-6294a90a9cb1_0106.jpg,omeprazole,test
test/omeprazole/omeprazole_ddc8d73f-f4a1-42a7-89ee-420346820f61_0062.jpg,omeprazole,test
test/omeprazole/omeprazole_1ab3d84c-c563-6f04-e063-6394a90a34ff_0032.jpg,omeprazole,test
train/pantoprazole/pantoprazole_0502f935-af7a-4f1e-8c3e-29e20647c885_0056.jpg,pantoprazole,train
train/pantoprazole/pantoprazole_014f9762-6948-46b7-8659-5c89f35ad8bf_0080.jpg,pantoprazole,train
train/pantoprazole/pantoprazole_5c14e2f3-625d-4089-a404-440b0ecf72e7_0059.jpg,pantoprazole,train
train/pantoprazole/pantoprazole_02ee7ed6-217f-4128-bbbb-b9390475a65b_0111.jpg,pantoprazole,train
train/pantoprazole/pantoprazole_eb3f58d4-0c69-4377-be45-c36099c98d33_0126.jpg,pantoprazole,train
train/pantoprazole/pantoprazole_13c337e7-1e7b-47bd-9f88-92b0d548ca9c_0075.jpg,pantoprazole,train
train/pantoprazole/pantoprazole_c18aff31-f91e-4b6a-9713-52c9094c6082_0104.jpg,pantoprazole,train
train/pantoprazole/pantoprazole_410d5577-e50a-44f3-aaa8-fbf391a0c261_0025.jpg,pantoprazole,train
train/pantoprazole/pantoprazole_f313159c-115a-4cf6-b32e-9ddc833fd51c_0090.jpg,pantoprazole,train
train/pantoprazole/pantoprazole_a9b0d279-118b-4372-bd51-d4bad9c1cfca_0077.jpg,pantoprazole,train
train/pantoprazole/pantoprazole_0502f935-af7a-4f1e-8c3e-29e20647c885_0052.jpg,pantoprazole,train
train/pantoprazole/pantoprazole_6229247e-ee15-466e-a8ac-adcd646b738d_0033.jpg,pantoprazole,train
train/pantoprazole/pantoprazole_362229c5-7b28-4563-aa62-d97d06005480_0019.jpg,pantoprazole,train
train/pantoprazole/pantoprazole_9c286e5c-2b36-422b-9f74-e8c0abb3f747_0046.jpg,pantoprazole,train
train/pantoprazole/pantoprazole_bb1e79ad-ff52-4696-8743-523f793b29d3_0062.jpg,pantoprazole,train
train/pantoprazole/pantoprazole_195e06db-b76c-4470-b6a5-a3979c25046d_0124.jpg,pantoprazole,train
train/pantoprazole/pantoprazole_6b5ed424-2203-482f-bb85-2c97d9c356f2_0146.jpg,pantoprazole,train
train/pantoprazole/pantoprazole_5c14e2f3-625d-4089-a404-440b0ecf72e7_0057.jpg,pantoprazole,train
train/pantoprazole/pantoprazole_a9e5fac6-2db6-4311-a98b-eb3f0dde19d6_0116.jpg,pantoprazole,train
train/pantoprazole/pantoprazole_9c286e5c-2b36-422b-9f74-e8c0abb3f747_0048.jpg,pantoprazole,train
train/pantoprazole/pantoprazole_1bb94d3c-8bc3-4193-9dd8-e9a22066707c_0100.jpg,pantoprazole,train
train/pantoprazole/pantoprazole_81696241-17d5-4d35-9e59-8c28469ffd2c_0140.jpg,pantoprazole,train
train/pantoprazole/pantoprazole_8f2fb647-15bc-41cb-84a4-02e956e614fc_0002.jpg,pantoprazole,train
train/pantoprazole/pantoprazole_b3cec41e-e98b-470a-8ba2-c31537023989_0121.jpg,pantoprazole,train
train/pantoprazole/pantoprazole_52d5bc28-66df-43aa-bb1a-8ac4a2a7f693_0135.jpg,pantoprazole,train
train/pantoprazole/pantoprazole_4136d983-75fa-9604-e063-6294a90aaac6_0028.jpg,pantoprazole,train
train/pantoprazole/pantoprazole_51e4144a-489e-436c-609a-39305f8f56ba_0149.jpg,pantoprazole,train
train/pantoprazole/pantoprazole_91a6b13f-457f-4136-9541-c4adb9c3c35c_0102.jpg,pantoprazole,train
train/pantoprazole/pantoprazole_410d5577-e50a-44f3-aaa8-fbf391a0c261_0023.jpg,pantoprazole,train
train/pantoprazole/pantoprazole_f38a6df2-1dd4-48bf-9ec4-1113ce492e78_0068.jpg,pantoprazole,train
train/pantoprazole/pantoprazole_43fc6326-cfe6-7d1c-e063-6394a90abc24_0012.jpg,pantoprazole,train
train/pantoprazole/pantoprazole_50802e19-72d3-4130-8d14-eb94361b38e7_0065.jpg,pantoprazole,train
train/pantoprazole/pantoprazole_f38a6df2-1dd4-48bf-9ec4-1113ce492e78_0071.jpg,pantoprazole,train
train/pantoprazole/pantoprazole_f38a6df2-1dd4-48bf-9ec4-1113ce492e78_0072.jpg,pantoprazole,train
train/pantoprazole/pantoprazole_e17e4a72-d6a4-4a83-a921-88af9ef028a6_0084.jpg,pantoprazole,train
train/pantoprazole/pantoprazole_c857dc41-7b47-4f26-a9f5-d76eb82b44ee_0091.jpg,pantoprazole,train
train/pantoprazole/pantoprazole_a9e5fac6-2db6-4311-a98b-eb3f0dde19d6_0118.jpg,pantoprazole,train
train/pantoprazole/pantoprazole_b3cec41e-e98b-470a-8ba2-c31537023989_0120.jpg,pantoprazole,train
train/pantoprazole/pantoprazole_bb1e79ad-ff52-4696-8743-523f793b29d3_0061.jpg,pantoprazole,train
train/pantoprazole/pantoprazole_0696b10c-972b-9dcf-e063-6294a90a1034_0015.jpg,pantoprazole,train
train/pantoprazole/pantoprazole_410d5577-e50a-44f3-aaa8-fbf391a0c261_0024.jpg,pantoprazole,train
train/pantoprazole/pantoprazole_6b5ed424-2203-482f-bb85-2c97d9c356f2_0148.jpg,pantoprazole,train
train/pantoprazole/pantoprazole_d212e8ec-f7ff-4727-a83e-0edc4ca7e6d1_0050.jpg,pantoprazole,train
train/pantoprazole/pantoprazole_91a6b13f-457f-4136-9541-c4adb9c3c35c_0103.jpg,pantoprazole,train
train/pantoprazole/pantoprazole_b9fa8381-b75e-b1cd-e053-2a95a90a9883_0005.jpg,pantoprazole,train
train/pantoprazole/pantoprazole_76e1839b-7462-4344-b319-001a5f57d67a_0036.jpg,pantoprazole,train
train/pantoprazole/pantoprazole_1bb94d3c-8bc3-4193-9dd8-e9a22066707c_0098.jpg,pantoprazole,train
train/pantoprazole/pantoprazole_91a6b13f-457f-4136-9541-c4adb9c3c35c_0101.jpg,pantoprazole,train
train/pantoprazole/pantoprazole_b9fa8381-b75e-b1cd-e053-2a95a90a9883_0006.jpg,pantoprazole,train
train/pantoprazole/pantoprazole_0502f935-af7a-4f1e-8c3e-29e20647c885_0054.jpg,pantoprazole,train
train/pantoprazole/pantoprazole_a9e5fac6-2db6-4311-a98b-eb3f0dde19d6_0115.jpg,pantoprazole,train
train/pantoprazole/pantoprazole_02ee7ed6-217f-4128-bbbb-b9390475a65b_0113.jpg,pantoprazole,train
train/pantoprazole/pantoprazole_9bed093a-9586-4c82-a2b7-c68f89d0faef_0130.jpg,pantoprazole,train
train/pantoprazole/pantoprazole_9bed093a-9586-4c82-a2b7-c68f89d0faef_0132.jpg,pantoprazole,train
train/pantoprazole/pantoprazole_c18aff31-f91e-4b6a-9713-52c9094c6082_0105.jpg,pantoprazole,train
train/pantoprazole/pantoprazole_76e1839b-7462-4344-b319-001a5f57d67a_0035.jpg,pantoprazole,train
train/pantoprazole/pantoprazole_014f9762-6948-46b7-8659-5c89f35ad8bf_0081.jpg,pantoprazole,train
train/pantoprazole/pantoprazole_76e1839b-7462-4344-b319-001a5f57d67a_0038.jpg,pantoprazole,train
train/pantoprazole/pantoprazole_440b9ae8-2fb8-5d35-e063-6294a90a82b6_0011.jpg,pantoprazole,train
train/pantoprazole/pantoprazole_0696b10c-972b-9dcf-e063-6294a90a1034_0016.jpg,pantoprazole,train
train/pantoprazole/pantoprazole_5c14e2f3-625d-4089-a404-440b0ecf72e7_0060.jpg,pantoprazole,train
train/pantoprazole/pantoprazole_b3cec41e-e98b-470a-8ba2-c31537023989_0122.jpg,pantoprazole,train
train/pantoprazole/pantoprazole_50802e19-72d3-4130-8d14-eb94361b38e7_0063.jpg,pantoprazole,train
train/pantoprazole/pantoprazole_3cde88e6-28f2-4cbe-8c3f-770b05cc0e1b_0109.jpg,pantoprazole,train
train/pantoprazole/pantoprazole_02ee7ed6-217f-4128-bbbb-b9390475a65b_0112.jpg,pantoprazole,train
train/pantoprazole/pantoprazole_b9fa8381-b75e-b1cd-e053-2a95a90a9883_0009.jpg,pantoprazole,train
train/pantoprazole/pantoprazole_6229247e-ee15-466e-a8ac-adcd646b738d_0034.jpg,pantoprazole,train
train/pantoprazole/pantoprazole_ed264262-21bb-1bae-e053-2995a90a8a5e_0000.jpg,pantoprazole,train
train/pantoprazole/pantoprazole_13c337e7-1e7b-47bd-9f88-92b0d548ca9c_0076.jpg,pantoprazole,train
train/pantoprazole/pantoprazole_1bb94d3c-8bc3-4193-9dd8-e9a22066707c_0096.jpg,pantoprazole,train
train/pantoprazole/pantoprazole_1bb94d3c-8bc3-4193-9dd8-e9a22066707c_0097.jpg,pantoprazole,train
train/pantoprazole/pantoprazole_52d5bc28-66df-43aa-bb1a-8ac4a2a7f693_0134.jpg,pantoprazole,train
train/pantoprazole/pantoprazole_eb3f58d4-0c69-4377-be45-c36099c98d33_0128.jpg,pantoprazole,train
train/pantoprazole/pantoprazole_9bed093a-9586-4c82-a2b7-c68f89d0faef_0131.jpg,pantoprazole,train
train/pantoprazole/pantoprazole_195e06db-b76c-4470-b6a5-a3979c25046d_0125.jpg,pantoprazole,train
train/pantoprazole/pantoprazole_ed264262-21bb-1bae-e053-2995a90a8a5e_0001.jpg,pantoprazole,train
train/pantoprazole/pantoprazole_f38a6df2-1dd4-48bf-9ec4-1113ce492e78_0069.jpg,pantoprazole,train
train/pantoprazole/pantoprazole_4ba4c797-3f97-4d85-971e-7b17bdf89221_0031.jpg,pantoprazole,train
train/pantoprazole/pantoprazole_0696b10c-972b-9dcf-e063-6294a90a1034_0018.jpg,pantoprazole,train
train/pantoprazole/pantoprazole_76e1839b-7462-4344-b319-001a5f57d67a_0037.jpg,pantoprazole,train
train/pantoprazole/pantoprazole_9c286e5c-2b36-422b-9f74-e8c0abb3f747_0047.jpg,pantoprazole,train
train/pantoprazole/pantoprazole_52d5bc28-66df-43aa-bb1a-8ac4a2a7f693_0137.jpg,pantoprazole,train
train/pantoprazole/pantoprazole_02ee7ed6-217f-4128-bbbb-b9390475a65b_0114.jpg,pantoprazole,train
train/pantoprazole/pantoprazole_f38a6df2-1dd4-48bf-9ec4-1113ce492e78_0073.jpg,pantoprazole,train
train/pantoprazole/pantoprazole_13c337e7-1e7b-47bd-9f88-92b0d548ca9c_0074.jpg,pantoprazole,train
train/pantoprazole/pantoprazole_014f9762-6948-46b7-8659-5c89f35ad8bf_0082.jpg,pantoprazole,train
train/pantoprazole/pantoprazole_c857dc41-7b47-4f26-a9f5-d76eb82b44ee_0093.jpg,pantoprazole,train
train/pantoprazole/pantoprazole_a9b0d279-118b-4372-bd51-d4bad9c1cfca_0079.jpg,pantoprazole,train
train/pantoprazole/pantoprazole_3cde88e6-28f2-4cbe-8c3f-770b05cc0e1b_0108.jpg,pantoprazole,train
train/pantoprazole/pantoprazole_50802e19-72d3-4130-8d14-eb94361b38e7_0064.jpg,pantoprazole,train
train/pantoprazole/pantoprazole_c18aff31-f91e-4b6a-9713-52c9094c6082_0106.jpg,pantoprazole,train
train/pantoprazole/pantoprazole_4136d983-75fa-9604-e063-6294a90aaac6_0029.jpg,pantoprazole,train
train/pantoprazole/pantoprazole_8f2fb647-15bc-41cb-84a4-02e956e614fc_0003.jpg,pantoprazole,train
train/pantoprazole/pantoprazole_c9bc288b-e84c-4e31-a769-c87a59226086_0087.jpg,pantoprazole,train
train/pantoprazole/pantoprazole_c1f37929-a981-4ace-95e6-ae6795a797b3_0039.jpg,pantoprazole,train
train/pantoprazole/pantoprazole_b9fa8381-b75e-b1cd-e053-2a95a90a9883_0007.jpg,pantoprazole,train
train/pantoprazole/pantoprazole_362229c5-7b28-4563-aa62-d97d06005480_0020.jpg,pantoprazole,train
train/pantoprazole/pantoprazole_5c14e2f3-625d-4089-a404-440b0ecf72e7_0058.jpg,pantoprazole,train
train/pantoprazole/pantoprazole_a9e5fac6-2db6-4311-a98b-eb3f0dde19d6_0117.jpg,pantoprazole,train
train/pantoprazole/pantoprazole_410d5577-e50a-44f3-aaa8-fbf391a0c261_0021.jpg,pantoprazole,train
train/pantoprazole/pantoprazole_0696b10c-972b-9dcf-e063-6294a90a1034_0017.jpg,pantoprazole,train
train/pantoprazole/pantoprazole_52d5bc28-66df-43aa-bb1a-8ac4a2a7f693_0136.jpg,pantoprazole,train
train/pantoprazole/pantoprazole_52d5bc28-66df-43aa-bb1a-8ac4a2a7f693_0138.jpg,pantoprazole,train
train/pantoprazole/pantoprazole_a9b0d279-118b-4372-bd51-d4bad9c1cfca_0078.jpg,pantoprazole,train
train/pantoprazole/pantoprazole_1bb94d3c-8bc3-4193-9dd8-e9a22066707c_0099.jpg,pantoprazole,train
val/pantoprazole/pantoprazole_a0141135-3f83-49ba-b50c-31f353bf42f4_0144.jpg,pantoprazole,val
val/pantoprazole/pantoprazole_43fc6326-cfe6-7d1c-e063-6394a90abc24_0013.jpg,pantoprazole,val
val/pantoprazole/pantoprazole_a0141135-3f83-49ba-b50c-31f353bf42f4_0143.jpg,pantoprazole,val
val/pantoprazole/pantoprazole_b422c5eb-9a6d-4f8c-863d-ca515ec780c2_0044.jpg,pantoprazole,val
val/pantoprazole/pantoprazole_c9bc288b-e84c-4e31-a769-c87a59226086_0088.jpg,pantoprazole,val
val/pantoprazole/pantoprazole_f313159c-115a-4cf6-b32e-9ddc833fd51c_0089.jpg,pantoprazole,val
val/pantoprazole/pantoprazole_a9e5fac6-2db6-4311-a98b-eb3f0dde19d6_0119.jpg,pantoprazole,val
val/pantoprazole/pantoprazole_de419aa0-caa9-40fb-bc6d-e341c94273c7_0041.jpg,pantoprazole,val
val/pantoprazole/pantoprazole_0696b10c-972b-9dcf-e063-6294a90a1034_0014.jpg,pantoprazole,val
val/pantoprazole/pantoprazole_c9bc288b-e84c-4e31-a769-c87a59226086_0085.jpg,pantoprazole,val
val/pantoprazole/pantoprazole_de419aa0-caa9-40fb-bc6d-e341c94273c7_0042.jpg,pantoprazole,val
val/pantoprazole/pantoprazole_d212e8ec-f7ff-4727-a83e-0edc4ca7e6d1_0051.jpg,pantoprazole,val
val/pantoprazole/pantoprazole_f38a6df2-1dd4-48bf-9ec4-1113ce492e78_0066.jpg,pantoprazole,val
val/pantoprazole/pantoprazole_410d5577-e50a-44f3-aaa8-fbf391a0c261_0022.jpg,pantoprazole,val
val/pantoprazole/pantoprazole_f38a6df2-1dd4-48bf-9ec4-1113ce492e78_0070.jpg,pantoprazole,val
val/pantoprazole/pantoprazole_eb3f58d4-0c69-4377-be45-c36099c98d33_0127.jpg,pantoprazole,val
val/pantoprazole/pantoprazole_81696241-17d5-4d35-9e59-8c28469ffd2c_0139.jpg,pantoprazole,val
val/pantoprazole/pantoprazole_6229247e-ee15-466e-a8ac-adcd646b738d_0032.jpg,pantoprazole,val
val/pantoprazole/pantoprazole_195e06db-b76c-4470-b6a5-a3979c25046d_0123.jpg,pantoprazole,val
val/pantoprazole/pantoprazole_0502f935-af7a-4f1e-8c3e-29e20647c885_0053.jpg,pantoprazole,val
val/pantoprazole/pantoprazole_02ee7ed6-217f-4128-bbbb-b9390475a65b_0110.jpg,pantoprazole,val
val/pantoprazole/pantoprazole_440b9ae8-2fb8-5d35-e063-6294a90a82b6_0010.jpg,pantoprazole,val
test/pantoprazole/pantoprazole_4ba4c797-3f97-4d85-971e-7b17bdf89221_0030.jpg,pantoprazole,test
test/pantoprazole/pantoprazole_9bed093a-9586-4c82-a2b7-c68f89d0faef_0133.jpg,pantoprazole,test
test/pantoprazole/pantoprazole_81696241-17d5-4d35-9e59-8c28469ffd2c_0142.jpg,pantoprazole,test
test/pantoprazole/pantoprazole_8f2fb647-15bc-41cb-84a4-02e956e614fc_0004.jpg,pantoprazole,test
test/pantoprazole/pantoprazole_c857dc41-7b47-4f26-a9f5-d76eb82b44ee_0092.jpg,pantoprazole,test
test/pantoprazole/pantoprazole_3cde88e6-28f2-4cbe-8c3f-770b05cc0e1b_0107.jpg,pantoprazole,test
test/pantoprazole/pantoprazole_4136d983-75fa-9604-e063-6294a90aaac6_0026.jpg,pantoprazole,test
test/pantoprazole/pantoprazole_c1f37929-a981-4ace-95e6-ae6795a797b3_0040.jpg,pantoprazole,test
test/pantoprazole/pantoprazole_f38a6df2-1dd4-48bf-9ec4-1113ce492e78_0067.jpg,pantoprazole,test
test/pantoprazole/pantoprazole_9c286e5c-2b36-422b-9f74-e8c0abb3f747_0049.jpg,pantoprazole,test
test/pantoprazole/pantoprazole_de419aa0-caa9-40fb-bc6d-e341c94273c7_0043.jpg,pantoprazole,test
test/pantoprazole/pantoprazole_1bb94d3c-8bc3-4193-9dd8-e9a22066707c_0094.jpg,pantoprazole,test
test/pantoprazole/pantoprazole_0502f935-af7a-4f1e-8c3e-29e20647c885_0055.jpg,pantoprazole,test
test/pantoprazole/pantoprazole_1bb94d3c-8bc3-4193-9dd8-e9a22066707c_0095.jpg,pantoprazole,test
test/pantoprazole/pantoprazole_e17e4a72-d6a4-4a83-a921-88af9ef028a6_0083.jpg,pantoprazole,test
test/pantoprazole/pantoprazole_81696241-17d5-4d35-9e59-8c28469ffd2c_0141.jpg,pantoprazole,test
test/pantoprazole/pantoprazole_6b5ed424-2203-482f-bb85-2c97d9c356f2_0147.jpg,pantoprazole,test
test/pantoprazole/pantoprazole_eb3f58d4-0c69-4377-be45-c36099c98d33_0129.jpg,pantoprazole,test
test/pantoprazole/pantoprazole_6b5ed424-2203-482f-bb85-2c97d9c356f2_0145.jpg,pantoprazole,test
test/pantoprazole/pantoprazole_b422c5eb-9a6d-4f8c-863d-ca515ec780c2_0045.jpg,pantoprazole,test
test/pantoprazole/pantoprazole_c9bc288b-e84c-4e31-a769-c87a59226086_0086.jpg,pantoprazole,test
test/pantoprazole/pantoprazole_4136d983-75fa-9604-e063-6294a90aaac6_0027.jpg,pantoprazole,test
test/pantoprazole/pantoprazole_b9fa8381-b75e-b1cd-e053-2a95a90a9883_0008.jpg,pantoprazole,test
train/simvastatin/simvastatin_4bec3923-6221-4b8b-9a72-872a63680de1_0102.jpg,simvastatin,train
train/simvastatin/simvastatin_807e5be4-6f87-48b4-8a3b-e4ad1061e706_0117.jpg,simvastatin,train
train/simvastatin/simvastatin_e73ec981-e477-4412-befd-7b807aceb32e_0093.jpg,simvastatin,train
train/simvastatin/simvastatin_3e48217f-8175-4e9b-9fd0-909be4bbba95_0072.jpg,simvastatin,train
train/simvastatin/simvastatin_5ae78a86-ccca-4714-b77e-7bc885b674b5_0038.jpg,simvastatin,train
train/simvastatin/simvastatin_023ca87a-1b04-8c17-dc4f-e2758b0771e2_0120.jpg,simvastatin,train
train/simvastatin/simvastatin_593f0007-9690-4de5-b1e9-59299e587643_0060.jpg,simvastatin,train
train/simvastatin/simvastatin_023ca87a-1b04-8c17-dc4f-e2758b0771e2_0124.jpg,simvastatin,train
train/simvastatin/simvastatin_593f0007-9690-4de5-b1e9-59299e587643_0054.jpg,simvastatin,train
train/simvastatin/simvastatin_00896fff-081d-4553-be8c-1999a8a73dda_0098.jpg,simvastatin,train
train/simvastatin/simvastatin_450e722c-d55d-3e6d-e063-6394a90a5231_0004.jpg,simvastatin,train
train/simvastatin/simvastatin_5ae78a86-ccca-4714-b77e-7bc885b674b5_0040.jpg,simvastatin,train
train/simvastatin/simvastatin_023ca87a-1b04-8c17-dc4f-e2758b0771e2_0123.jpg,simvastatin,train
train/simvastatin/simvastatin_593f0007-9690-4de5-b1e9-59299e587643_0059.jpg,simvastatin,train
train/simvastatin/simvastatin_e59bf31f-d880-4d9e-b6c2-5a18a53718f9_0006.jpg,simvastatin,train
train/simvastatin/simvastatin_593f0007-9690-4de5-b1e9-59299e587643_0053.jpg,simvastatin,train
train/simvastatin/simvastatin_143bf1d6-11c5-4a1f-b106-844e0435ee13_0131.jpg,simvastatin,train
train/simvastatin/simvastatin_593f0007-9690-4de5-b1e9-59299e587643_0061.jpg,simvastatin,train
train/simvastatin/simvastatin_871251c0-36a1-4a32-9eab-ff6c1e925ca9_0032.jpg,simvastatin,train
train/simvastatin/simvastatin_143bf1d6-11c5-4a1f-b106-844e0435ee13_0132.jpg,simvastatin,train
train/simvastatin/simvastatin_3e48217f-8175-4e9b-9fd0-909be4bbba95_0068.jpg,simvastatin,train
train/simvastatin/simvastatin_89b860d2-de83-468e-b7e8-76aeec2edca2_0113.jpg,simvastatin,train
train/simvastatin/simvastatin_89b860d2-de83-468e-b7e8-76aeec2edca2_0110.jpg,simvastatin,train
train/simvastatin/simvastatin_acaaab63-c9ff-44c9-8fde-9a4ea6454dd7_0127.jpg,simvastatin,train
train/simvastatin/simvastatin_c90e8c96-e130-42d7-bf0d-5833652e40d5_0149.jpg,simvastatin,train
train/simvastatin/simvastatin_5ae78a86-ccca-4714-b77e-7bc885b674b5_0037.jpg,simvastatin,train
train/simvastatin/simvastatin_d053fee4-b797-4a82-8865-0b4d08b14990_0029.jpg,simvastatin,train
train/simvastatin/simvastatin_450e722c-d55d-3e6d-e063-6394a90a5231_0002.jpg,simvastatin,train
train/simvastatin/simvastatin_d11c1e95-fbf4-44dc-8adb-75d1042129d1_0088.jpg,simvastatin,train
train/simvastatin/simvastatin_450e722c-d55d-3e6d-e063-6394a90a5231_0003.jpg,simvastatin,train
train/simvastatin/simvastatin_b2d6c7ac-304b-4cba-974c-d9a23a069925_0048.jpg,simvastatin,train
train/simvastatin/simvastatin_143bf1d6-11c5-4a1f-b106-844e0435ee13_0133.jpg,simvastatin,train
train/simvastatin/simvastatin_593f0007-9690-4de5-b1e9-59299e587643_0051.jpg,simvastatin,train
train/simvastatin/simvastatin_468f87c8-75e3-444a-baeb-2d0f629802db_0010.jpg,simvastatin,train
train/simvastatin/simvastatin_d053fee4-b797-4a82-8865-0b4d08b14990_0028.jpg,simvastatin,train
train/simvastatin/simvastatin_25d9f841-31d8-4514-ac73-ffe138ff69c7_0134.jpg,simvastatin,train
train/simvastatin/simvastatin_89b860d2-de83-468e-b7e8-76aeec2edca2_0111.jpg,simvastatin,train
train/simvastatin/simvastatin_4bec3923-6221-4b8b-9a72-872a63680de1_0104.jpg,simvastatin,train
train/simvastatin/simvastatin_3f6fad0b-0278-433f-86db-761b673a5803_0081.jpg,simvastatin,train
train/simvastatin/simvastatin_51dd8d34-e660-49dc-a86e-07d031a18465_0142.jpg,simvastatin,train
train/simvastatin/simvastatin_02245025-218d-4297-aeb6-91fefa178291_0013.jpg,simvastatin,train
train/simvastatin/simvastatin_871251c0-36a1-4a32-9eab-ff6c1e925ca9_0033.jpg,simvastatin,train
train/simvastatin/simvastatin_51dd8d34-e660-49dc-a86e-07d031a18465_0139.jpg,simvastatin,train
train/simvastatin/simvastatin_c90e8c96-e130-42d7-bf0d-5833652e40d5_0148.jpg,simvastatin,train
train/simvastatin/simvastatin_51dd8d34-e660-49dc-a86e-07d031a18465_0140.jpg,simvastatin,train
train/simvastatin/simvastatin_468f87c8-75e3-444a-baeb-2d0f629802db_0011.jpg,simvastatin,train
train/simvastatin/simvastatin_00896fff-081d-4553-be8c-1999a8a73dda_0097.jpg,simvastatin,train
train/simvastatin/simvastatin_acaaab63-c9ff-44c9-8fde-9a4ea6454dd7_0128.jpg,simvastatin,train
train/simvastatin/simvastatin_593f0007-9690-4de5-b1e9-59299e587643_0055.jpg,simvastatin,train
train/simvastatin/simvastatin_d053fee4-b797-4a82-8865-0b4d08b14990_0030.jpg,simvastatin,train
train/simvastatin/simvastatin_658cf877-f7cd-4ec8-84a3-08c27a06ccda_0019.jpg,simvastatin,train
train/simvastatin/simvastatin_871251c0-36a1-4a32-9eab-ff6c1e925ca9_0036.jpg,simvastatin,train
train/simvastatin/simvastatin_b2d6c7ac-304b-4cba-974c-d9a23a069925_0046.jpg,simvastatin,train
train/simvastatin/simvastatin_5ae78a86-ccca-4714-b77e-7bc885b674b5_0039.jpg,simvastatin,train
train/simvastatin/simvastatin_a2b879ae-eaf3-4a36-abd0-986add4a73ac_0027.jpg,simvastatin,train
train/simvastatin/simvastatin_9986b59c-aeff-4ccd-8db3-7f1c4e619420_0025.jpg,simvastatin,train
train/simvastatin/simvastatin_e59bf31f-d880-4d9e-b6c2-5a18a53718f9_0005.jpg,simvastatin,train
train/simvastatin/simvastatin_4312637b-1d6a-4d26-a1e8-caffcd7192df_0017.jpg,simvastatin,train
train/simvastatin/simvastatin_3f6fad0b-0278-433f-86db-761b673a5803_0083.jpg,simvastatin,train
train/simvastatin/simvastatin_593f0007-9690-4de5-b1e9-59299e587643_0058.jpg,simvastatin,train
train/simvastatin/simvastatin_7463b093-c2ee-49c3-a08a-e758de66422a_0041.jpg,simvastatin,train
train/simvastatin/simvastatin_4bec3923-6221-4b8b-9a72-872a63680de1_0106.jpg,simvastatin,train
train/simvastatin/simvastatin_51dd8d34-e660-49dc-a86e-07d031a18465_0143.jpg,simvastatin,train
train/simvastatin/simvastatin_3f6fad0b-0278-433f-86db-761b673a5803_0080.jpg,simvastatin,train
train/simvastatin/simvastatin_3e48217f-8175-4e9b-9fd0-909be4bbba95_0066.jpg,simvastatin,train
train/simvastatin/simvastatin_4bec3923-6221-4b8b-9a72-872a63680de1_0100.jpg,simvastatin,train
train/simvastatin/simvastatin_023ca87a-1b04-8c17-dc4f-e2758b0771e2_0122.jpg,simvastatin,train
train/simvastatin/simvastatin_66777aaa-370a-4121-9246-c0866098f4a4_0021.jpg,simvastatin,train
train/simvastatin/simvastatin_b2d6c7ac-304b-4cba-974c-d9a23a069925_0047.jpg,simvastatin,train
train/simvastatin/simvastatin_aa8aed58-691b-472e-8e98-53d0d3f56686_0043.jpg,simvastatin,train
train/simvastatin/simvastatin_023ca87a-1b04-8c17-dc4f-e2758b0771e2_0121.jpg,simvastatin,train
train/simvastatin/simvastatin_aa8aed58-691b-472e-8e98-53d0d3f56686_0044.jpg,simvastatin,train
train/simvastatin/simvastatin_871251c0-36a1-4a32-9eab-ff6c1e925ca9_0031.jpg,simvastatin,train
train/simvastatin/simvastatin_e73ec981-e477-4412-befd-7b807aceb32e_0094.jpg,simvastatin,train
train/simvastatin/simvastatin_89b860d2-de83-468e-b7e8-76aeec2edca2_0108.jpg,simvastatin,train
train/simvastatin/simvastatin_c90e8c96-e130-42d7-bf0d-5833652e40d5_0144.jpg,simvastatin,train
train/simvastatin/simvastatin_89b860d2-de83-468e-b7e8-76aeec2edca2_0114.jpg,simvastatin,train
train/simvastatin/simvastatin_593f0007-9690-4de5-b1e9-59299e587643_0063.jpg,simvastatin,train
train/simvastatin/simvastatin_c90e8c96-e130-42d7-bf0d-5833652e40d5_0146.jpg,simvastatin,train
train/simvastatin/simvastatin_3e48217f-8175-4e9b-9fd0-909be4bbba95_0075.jpg,simvastatin,train
train/simvastatin/simvastatin_25d9f841-31d8-4514-ac73-ffe138ff69c7_0135.jpg,simvastatin,train
train/simvastatin/simvastatin_51dd8d34-e660-49dc-a86e-07d031a18465_0138.jpg,simvastatin,train
train/simvastatin/simvastatin_4bec3923-6221-4b8b-9a72-872a63680de1_0101.jpg,simvastatin,train
train/simvastatin/simvastatin_c90e8c96-e130-42d7-bf0d-5833652e40d5_0147.jpg,simvastatin,train
train/simvastatin/simvastatin_e73ec981-e477-4412-befd-7b807aceb32e_0095.jpg,simvastatin,train
train/simvastatin/simvastatin_e59bf31f-d880-4d9e-b6c2-5a18a53718f9_0009.jpg,simvastatin,train
train/simvastatin/simvastatin_023ca87a-1b04-8c17-dc4f-e2758b0771e2_0118.jpg,simvastatin,train
train/simvastatin/simvastatin_593f0007-9690-4de5-b1e9-59299e587643_0056.jpg,simvastatin,train
train/simvastatin/simvastatin_3e48217f-8175-4e9b-9fd0-909be4bbba95_0077.jpg,simvastatin,train
train/simvastatin/simvastatin_3e48217f-8175-4e9b-9fd0-909be4bbba95_0079.jpg,simvastatin,train
train/simvastatin/simvastatin_450e722c-d55d-3e6d-e063-6394a90a5231_0000.jpg,simvastatin,train
train/simvastatin/simvastatin_3e48217f-8175-4e9b-9fd0-909be4bbba95_0069.jpg,simvastatin,train
train/simvastatin/simvastatin_4bec3923-6221-4b8b-9a72-872a63680de1_0107.jpg,simvastatin,train
train/simvastatin/simvastatin_3e48217f-8175-4e9b-9fd0-909be4bbba95_0071.jpg,simvastatin,train
train/simvastatin/simvastatin_20fa794a-c30a-485e-9e69-3818ba085a0d_0015.jpg,simvastatin,train
train/simvastatin/simvastatin_3e48217f-8175-4e9b-9fd0-909be4bbba95_0073.jpg,simvastatin,train
train/simvastatin/simvastatin_7cbf645d-b1d3-413d-a4c3-c1818ed6dfd1_0022.jpg,simvastatin,train
train/simvastatin/simvastatin_3e48217f-8175-4e9b-9fd0-909be4bbba95_0078.jpg,simvastatin,train
train/simvastatin/simvastatin_4bec3923-6221-4b8b-9a72-872a63680de1_0103.jpg,simvastatin,train
train/simvastatin/simvastatin_e59bf31f-d880-4d9e-b6c2-5a18a53718f9_0008.jpg,simvastatin,train
train/simvastatin/simvastatin_807e5be4-6f87-48b4-8a3b-e4ad1061e706_0115.jpg,simvastatin,train
train/simvastatin/simvastatin_871251c0-36a1-4a32-9eab-ff6c1e925ca9_0035.jpg,simvastatin,train
train/simvastatin/simvastatin_4bec3923-6221-4b8b-9a72-872a63680de1_0105.jpg,simvastatin,train
train/simvastatin/simvastatin_d11c1e95-fbf4-44dc-8adb-75d1042129d1_0090.jpg,simvastatin,train
train/simvastatin/simvastatin_68f6c856-ea98-4872-b4df-a6e9e70444fc_0086.jpg,simvastatin,train
val/simvastatin/simvastatin_b2d6c7ac-304b-4cba-974c-d9a23a069925_0045.jpg,simvastatin,val
val/simvastatin/simvastatin_3e48217f-8175-4e9b-9fd0-909be4bbba95_0076.jpg,simvastatin,val
val/simvastatin/simvastatin_20fa794a-c30a-485e-9e69-3818ba085a0d_0014.jpg,simvastatin,val
val/simvastatin/simvastatin_c6b610ab-7367-4e61-9b4a-7ebbd1cf3d36_0050.jpg,simvastatin,val
val/simvastatin/simvastatin_e59bf31f-d880-4d9e-b6c2-5a18a53718f9_0007.jpg,simvastatin,val
val/simvastatin/simvastatin_02245025-218d-4297-aeb6-91fefa178291_0012.jpg,simvastatin,val
val/simvastatin/simvastatin_00896fff-081d-4553-be8c-1999a8a73dda_0096.jpg,simvastatin,val
val/simvastatin/simvastatin_023ca87a-1b04-8c17-dc4f-e2758b0771e2_0119.jpg,simvastatin,val
val/simvastatin/simvastatin_3e48217f-8175-4e9b-9fd0-909be4bbba95_0065.jpg,simvastatin,val
val/simvastatin/simvastatin_89b860d2-de83-468e-b7e8-76aeec2edca2_0112.jpg,simvastatin,val
val/simvastatin/simvastatin_acaaab63-c9ff-44c9-8fde-9a4ea6454dd7_0125.jpg,simvastatin,val
val/simvastatin/simvastatin_3e48217f-8175-4e9b-9fd0-909be4bbba95_0064.jpg,simvastatin,val
val/simvastatin/simvastatin_871251c0-36a1-4a32-9eab-ff6c1e925ca9_0034.jpg,simvastatin,val
val/simvastatin/simvastatin_25d9f841-31d8-4514-ac73-ffe138ff69c7_0136.jpg,simvastatin,val
val/simvastatin/simvastatin_143bf1d6-11c5-4a1f-b106-844e0435ee13_0130.jpg,simvastatin,val
val/simvastatin/simvastatin_593f0007-9690-4de5-b1e9-59299e587643_0057.jpg,simvastatin,val
val/simvastatin/simvastatin_593f0007-9690-4de5-b1e9-59299e587643_0052.jpg,simvastatin,val
val/simvastatin/simvastatin_acaaab63-c9ff-44c9-8fde-9a4ea6454dd7_0129.jpg,simvastatin,val
val/simvastatin/simvastatin_89b860d2-de83-468e-b7e8-76aeec2edca2_0109.jpg,simvastatin,val
val/simvastatin/simvastatin_acaaab63-c9ff-44c9-8fde-9a4ea6454dd7_0126.jpg,simvastatin,val
val/simvastatin/simvastatin_68f6c856-ea98-4872-b4df-a6e9e70444fc_0085.jpg,simvastatin,val
val/simvastatin/simvastatin_00896fff-081d-4553-be8c-1999a8a73dda_0099.jpg,simvastatin,val
test/simvastatin/simvastatin_c90e8c96-e130-42d7-bf0d-5833652e40d5_0145.jpg,simvastatin,test
test/simvastatin/simvastatin_25d9f841-31d8-4514-ac73-ffe138ff69c7_0137.jpg,simvastatin,test
test/simvastatin/simvastatin_807e5be4-6f87-48b4-8a3b-e4ad1061e706_0116.jpg,simvastatin,test
test/simvastatin/simvastatin_9986b59c-aeff-4ccd-8db3-7f1c4e619420_0024.jpg,simvastatin,test
test/simvastatin/simvastatin_593f0007-9690-4de5-b1e9-59299e587643_0062.jpg,simvastatin,test
test/simvastatin/simvastatin_3e48217f-8175-4e9b-9fd0-909be4bbba95_0067.jpg,simvastatin,test
test/simvastatin/simvastatin_7463b093-c2ee-49c3-a08a-e758de66422a_0042.jpg,simvastatin,test
test/simvastatin/simvastatin_658cf877-f7cd-4ec8-84a3-08c27a06ccda_0018.jpg,simvastatin,test
test/simvastatin/simvastatin_3e48217f-8175-4e9b-9fd0-909be4bbba95_0074.jpg,simvastatin,test
test/simvastatin/simvastatin_4312637b-1d6a-4d26-a1e8-caffcd7192df_0016.jpg,simvastatin,test
test/simvastatin/simvastatin_c6b610ab-7367-4e61-9b4a-7ebbd1cf3d36_0049.jpg,simvastatin,test
test/simvastatin/simvastatin_51dd8d34-e660-49dc-a86e-07d031a18465_0141.jpg,simvastatin,test
test/simvastatin/simvastatin_d11c1e95-fbf4-44dc-8adb-75d1042129d1_0089.jpg,simvastatin,test
test/simvastatin/simvastatin_66777aaa-370a-4121-9246-c0866098f4a4_0020.jpg,simvastatin,test
test/simvastatin/simvastatin_7cbf645d-b1d3-413d-a4c3-c1818ed6dfd1_0023.jpg,simvastatin,test
test/simvastatin/simvastatin_e73ec981-e477-4412-befd-7b807aceb32e_0092.jpg,simvastatin,test
test/simvastatin/simvastatin_68f6c856-ea98-4872-b4df-a6e9e70444fc_0084.jpg,simvastatin,test
test/simvastatin/simvastatin_a2b879ae-eaf3-4a36-abd0-986add4a73ac_0026.jpg,simvastatin,test
test/simvastatin/simvastatin_3f6fad0b-0278-433f-86db-761b673a5803_0082.jpg,simvastatin,test
test/simvastatin/simvastatin_450e722c-d55d-3e6d-e063-6394a90a5231_0001.jpg,simvastatin,test
test/simvastatin/simvastatin_68f6c856-ea98-4872-b4df-a6e9e70444fc_0087.jpg,simvastatin,test
test/simvastatin/simvastatin_d11c1e95-fbf4-44dc-8adb-75d1042129d1_0091.jpg,simvastatin,test
test/simvastatin/simvastatin_3e48217f-8175-4e9b-9fd0-909be4bbba95_0070.jpg,simvastatin,test
